{"logs": {"0": {"selected_clients": [9, 7, 11, 14, 2, 6, 8, 12, 3, 13, 10, 5, 1, 0, 4], "average_acc_selected": 10.815554813977908, "average_acc_all": 10.815554813977908}, "1": {"selected_clients": [9, 1, 8, 5, 0, 12, 11, 7, 10, 4, 2, 14, 6, 3, 13], "average_acc_selected": 10.89441944369044, "average_acc_all": 10.89441944369044}, "2": {"selected_clients": [14, 13, 1, 2, 6, 9, 8, 0, 10, 11, 3, 5, 4, 7, 12], "average_acc_selected": 18.41257063917836, "average_acc_all": 18.41257063917836}, "3": {"selected_clients": [4, 8, 2, 9, 6, 13, 11, 5, 10, 3, 1, 7, 12, 14, 0], "average_acc_selected": 24.9322705328339, "average_acc_all": 24.9322705328339}, "4": {"selected_clients": [2, 1, 13, 3, 10, 8, 0, 5, 14, 9, 7, 11, 12, 6, 4], "average_acc_selected": 27.85985342147485, "average_acc_all": 27.85985342147485}, "5": {"selected_clients": [14, 11, 12, 5, 4, 3, 13, 0, 1, 10, 8, 7, 6, 9, 2], "average_acc_selected": 29.486823235815596, "average_acc_all": 29.486823235815596}, "6": {"selected_clients": [5, 2, 4, 0, 13, 3, 9, 1, 11, 10, 14, 7, 6, 12, 8], "average_acc_selected": 31.48756741924762, "average_acc_all": 31.48756741924762}, "7": {"selected_clients": [14, 10, 8, 5, 2, 12, 4, 13, 7, 9, 1, 0, 3, 11, 6], "average_acc_selected": 33.34504487434681, "average_acc_all": 33.34504487434681}, "8": {"selected_clients": [9, 14, 3, 10, 12, 5, 8, 1, 4, 7, 6, 13, 0, 2, 11], "average_acc_selected": 34.5031158946076, "average_acc_all": 34.5031158946076}, "9": {"selected_clients": [8, 2, 9, 5, 12, 1, 13, 7, 10, 3, 14, 11, 4, 0, 6], "average_acc_selected": 34.975564587956725, "average_acc_all": 34.975564587956725}, "10": {"selected_clients": [1, 13, 3, 12, 14, 5, 4, 9, 6, 7, 11, 2, 0, 8, 10], "average_acc_selected": 36.0739650705092, "average_acc_all": 36.0739650705092}}, "config": {"n_clients": 15, "m": 1, "method": "pathological", "dirichlet_alpha": 0.5, "dataset": "cifar10", "n_classes": 10, "model": "cnn", "algorithm": "fed_g_prox", "prox_lambda": 0.001, "k_neighbours": 0.4, "ema_alpha": 0.75, "n_communities": 3, "client_bs": 64, "global_bs": 128, "global_rounds": 35, "client_epochs": 3, "client_lr": 0.001, "step_size": 2, "train_test_split": 0.8, "total_train_samples": 100000, "total_test_samples": 20000, "torch_seed": 42, "np_seed": 43, "local_eval_every": 1, "start_graph": 36, "swap_dist_every": 51, "log_dir": "checkpoints_2", "verbose": true}}