{"logs": {"0": {"selected_clients": [9, 7, 11, 14, 2, 6, 8, 12, 3, 13, 10, 5, 1, 0, 4], "average_acc_selected": 10.815554813977908, "average_acc_all": 10.815554813977908}, "1": {"selected_clients": [9, 1, 8, 5, 0, 12, 11, 7, 10, 4, 2, 14, 6, 3, 13], "average_acc_selected": 10.89441944369044, "average_acc_all": 10.89441944369044}, "2": {"selected_clients": [14, 13, 1, 2, 6, 9, 8, 0, 10, 11, 3, 5, 4, 7, 12], "average_acc_selected": 18.41257063917836, "average_acc_all": 18.41257063917836}, "3": {"selected_clients": [4, 8, 2, 9, 6, 13, 11, 5, 10, 3, 1, 7, 12, 14, 0], "average_acc_selected": 24.9322705328339, "average_acc_all": 24.9322705328339}, "4": {"selected_clients": [2, 1, 13, 3, 10, 8, 0, 5, 14, 9, 7, 11, 12, 6, 4], "average_acc_selected": 27.85985342147485, "average_acc_all": 27.85985342147485}, "5": {"selected_clients": [14, 11, 12, 5, 4, 3, 13, 0, 1, 10, 8, 7, 6, 9, 2], "average_acc_selected": 29.486823235815596, "average_acc_all": 29.486823235815596}, "6": {"selected_clients": [5, 2, 4, 0, 13, 3, 9, 1, 11, 10, 14, 7, 6, 12, 8], "average_acc_selected": 31.48756741924762, "average_acc_all": 31.48756741924762}, "7": {"selected_clients": [14, 10, 8, 5, 2, 12, 4, 13, 7, 9, 1, 0, 3, 11, 6], "average_acc_selected": 33.34504487434681, "average_acc_all": 33.34504487434681}, "8": {"selected_clients": [9, 14, 3, 10, 12, 5, 8, 1, 4, 7, 6, 13, 0, 2, 11], "average_acc_selected": 34.5031158946076, "average_acc_all": 34.5031158946076}, "9": {"selected_clients": [8, 2, 9, 5, 12, 1, 13, 7, 10, 3, 14, 11, 4, 0, 6], "average_acc_selected": 34.975564587956725, "average_acc_all": 34.975564587956725}, "10": {"selected_clients": [1, 13, 3, 12, 14, 5, 4, 9, 6, 7, 11, 2, 0, 8, 10], "average_acc_selected": 36.0739650705092, "average_acc_all": 36.0739650705092}, "11": {"selected_clients": [5, 7, 6, 9, 3, 2, 13, 10, 11, 0, 8, 12, 14, 4, 1], "average_acc_selected": 36.437744194346315, "average_acc_all": 36.437744194346315}, "12": {"selected_clients": [6, 14, 9, 4, 0, 5, 3, 1, 12, 11, 2, 10, 7, 13, 8], "average_acc_selected": 36.367858838238256, "average_acc_all": 36.367858838238256}, "13": {"selected_clients": [13, 4, 12, 0, 14, 11, 2, 1, 9, 8, 7, 5, 3, 10, 6], "average_acc_selected": 36.16524921258044, "average_acc_all": 36.16524921258044}, "14": {"selected_clients": [5, 3, 1, 11, 12, 0, 6, 13, 14, 8, 2, 10, 4, 7, 9], "average_acc_selected": 36.99477637487756, "average_acc_all": 36.99477637487756}, "15": {"selected_clients": [3, 10, 8, 12, 14, 1, 4, 2, 11, 9, 6, 5, 13, 7, 0], "average_acc_selected": 36.97021211509968, "average_acc_all": 36.97021211509968}, "16": {"selected_clients": [5, 4, 6, 13, 0, 10, 9, 8, 11, 1, 2, 14, 7, 12, 3], "average_acc_selected": 37.8822234950379, "average_acc_all": 37.8822234950379}, "17": {"selected_clients": [9, 10, 6, 7, 14, 5, 4, 13, 1, 12, 2, 11, 0, 8, 3], "average_acc_selected": 38.37362075330293, "average_acc_all": 38.37362075330293}, "18": {"selected_clients": [10, 4, 0, 8, 9, 13, 6, 5, 2, 7, 11, 12, 3, 1, 14], "average_acc_selected": 38.80781351237468, "average_acc_all": 38.80781351237468}, "19": {"selected_clients": [13, 14, 0, 12, 7, 10, 2, 5, 6, 1, 3, 11, 9, 8, 4], "average_acc_selected": 40.22136454968854, "average_acc_all": 40.22136454968854}, "20": {"selected_clients": [9, 8, 7, 6, 3, 5, 0, 12, 14, 10, 13, 1, 4, 2, 11], "average_acc_selected": 40.38557573049198, "average_acc_all": 40.38557573049198}, "21": {"selected_clients": [0, 13, 3, 1, 8, 7, 4, 9, 11, 2, 12, 10, 14, 5, 6], "average_acc_selected": 41.29652769053162, "average_acc_all": 41.29652769053162}, "22": {"selected_clients": [6, 7, 12, 10, 8, 5, 9, 3, 14, 4, 1, 2, 13, 11, 0], "average_acc_selected": 41.55532803197778, "average_acc_all": 41.55532803197778}, "23": {"selected_clients": [0, 2, 6, 5, 7, 12, 3, 8, 13, 1, 10, 11, 4, 9, 14], "average_acc_selected": 42.223944532261385, "average_acc_all": 42.223944532261385}, "24": {"selected_clients": [13, 7, 6, 0, 4, 14, 5, 12, 9, 2, 3, 10, 11, 8, 1], "average_acc_selected": 42.72409227315567, "average_acc_all": 42.72409227315567}, "25": {"selected_clients": [4, 7, 0, 14, 5, 13, 8, 3, 9, 1, 11, 12, 2, 6, 10], "average_acc_selected": 42.948728554574394, "average_acc_all": 42.948728554574394}, "26": {"selected_clients": [13, 5, 8, 11, 1, 14, 7, 10, 2, 12, 4, 6, 3, 9, 0], "average_acc_selected": 43.43881647730098, "average_acc_all": 43.43881647730098}, "27": {"selected_clients": [14, 1, 9, 8, 0, 2, 6, 11, 12, 5, 4, 7, 3, 13, 10], "average_acc_selected": 43.83367448494432, "average_acc_all": 43.83367448494432}, "28": {"selected_clients": [1, 8, 5, 13, 9, 10, 4, 2, 12, 14, 3, 6, 0, 11, 7], "average_acc_selected": 44.471093680413304, "average_acc_all": 44.471093680413304}, "29": {"selected_clients": [11, 8, 3, 14, 12, 1, 0, 10, 13, 9, 6, 2, 7, 5, 4], "average_acc_selected": 44.36513662033864, "average_acc_all": 44.36513662033864}, "30": {"selected_clients": [10, 9, 3, 1, 6, 14, 13, 8, 7, 4, 11, 2, 0, 12, 5], "average_acc_selected": 44.70054529803921, "average_acc_all": 44.70054529803921}, "31": {"selected_clients": [11, 8, 5, 12, 14, 6, 7, 3, 9, 4, 10, 13, 0, 2, 1], "average_acc_selected": 45.131901951011216, "average_acc_all": 45.131901951011216}, "32": {"selected_clients": [8, 11, 14, 13, 0, 9, 7, 12, 5, 6, 2, 1, 3, 4, 10], "average_acc_selected": 45.4122714911658, "average_acc_all": 45.4122714911658}, "33": {"selected_clients": [6, 1, 9, 7, 11, 12, 3, 13, 5, 2, 8, 0, 14, 10, 4], "average_acc_selected": 45.3367221156419, "average_acc_all": 45.3367221156419}, "34": {"selected_clients": [9, 6, 1, 0, 5, 10, 14, 8, 4, 2, 11, 13, 7, 12, 3], "average_acc_selected": 45.85340258371742, "average_acc_all": 45.85340258371742}}, "config": {"n_clients": 15, "m": 1, "method": "pathological", "dirichlet_alpha": 0.5, "dataset": "cifar10", "n_classes": 10, "model": "cnn", "algorithm": "fedprox", "prox_lambda": 0.001, "k_neighbours": 0.4, "ema_alpha": 0.75, "n_communities": 3, "client_bs": 64, "global_bs": 128, "global_rounds": 35, "client_epochs": 3, "client_lr": 0.001, "step_size": 2, "train_test_split": 0.8, "total_train_samples": 100000, "total_test_samples": 20000, "torch_seed": 42, "np_seed": 43, "local_eval_every": 1, "start_graph": 36, "swap_dist_every": 51, "log_dir": "checkpoints_2", "verbose": true}}