{"logs": {"0": {"selected_clients": [9, 7, 11, 14, 2, 6, 8, 12, 3, 13, 10, 5, 1, 0, 4], "train_loss": {"9": 1.888047917322679, "7": 1.9202680371024392, "11": 1.898315942564676, "14": 1.9107540164675032, "2": 1.8491915804999215, "6": 1.8989446669816972, "8": 1.9233507741065252, "12": 1.9017584843513293, "3": 1.8581535248529344, "13": 1.96366406083107, "10": 1.8017634365293715, "5": 1.9385116886008869, "1": 1.7905503397896176, "0": 1.7868549574253172, "4": 1.8290730714797974}, "average_acc_selected": 9.442166243400612, "average_acc_all": 9.442166243400612}, "1": {"selected_clients": [9, 1, 8, 5, 0, 12, 11, 7, 10, 4, 2, 14, 6, 3, 13], "train_loss": {"9": 2.0557165118781002, "1": 2.096986881324223, "8": 2.1104269481840587, "5": 2.0805738189003686, "0": 2.056072991947795, "12": 2.100731088564946, "11": 2.0858961676442345, "7": 2.068977551026778, "10": 2.0530027468999226, "4": 2.0653051719432924, "2": 2.067833593913487, "14": 2.086863460994902, "6": 2.102986288070679, "3": 2.1428542875108265, "13": 2.085504648089409}, "average_acc_selected": 19.8972519742081, "average_acc_all": 19.8972519742081}, "2": {"selected_clients": [14, 13, 1, 2, 6, 9, 8, 0, 10, 11, 3, 5, 4, 7, 12], "train_loss": {"14": 2.000983680997576, "13": 1.976251843571663, "1": 1.9973826692217873, "2": 2.024172782897949, "6": 2.0175205051898955, "9": 1.9754124039953405, "8": 2.0057438157853626, "0": 1.926728090574575, "10": 1.9927996158599854, "11": 2.011199172153029, "3": 2.013910182884761, "5": 1.984124793247743, "4": 1.940382736485179, "7": 1.982650870626623, "12": 2.026171314410674}, "average_acc_selected": 21.370528616793383, "average_acc_all": 21.370528616793383}, "3": {"selected_clients": [4, 8, 2, 9, 6, 13, 11, 5, 10, 3, 1, 7, 12, 14, 0], "train_loss": {"4": 1.9008046417701534, "8": 1.969314572356996, "2": 1.950460189864749, "9": 1.950628711418672, "6": 1.9626939088106155, "13": 1.9377077162265777, "11": 1.9350788177445877, "5": 1.9445579810576006, "10": 1.9239856402079265, "3": 1.912387183734349, "1": 1.895097465742202, "7": 1.9485803842544556, "12": 1.9630575485718555, "14": 1.9528005804334367, "0": 1.837132223816805}, "average_acc_selected": 23.007698177529804, "average_acc_all": 23.007698177529804}, "4": {"selected_clients": [2, 1, 13, 3, 10, 8, 0, 5, 14, 9, 7, 11, 12, 6, 4], "train_loss": {"2": 1.8220927800451006, "1": 1.8047898553666615, "13": 1.8626431614160537, "3": 1.8410453171957106, "10": 1.8470200512144301, "8": 1.8855163426626296, "0": 1.7493992849837903, "5": 1.8641728162765503, "14": 1.888263205687205, "9": 1.841470948674462, "7": 1.8545207570899616, "11": 1.8766093364981717, "12": 1.8863524901561248, "6": 1.8592073798179627, "4": 1.808103613737153}, "average_acc_selected": 26.520374092619782, "average_acc_all": 26.520374092619782}, "5": {"selected_clients": [14, 11, 12, 5, 4, 3, 13, 0, 1, 10, 8, 7, 6, 9, 2], "train_loss": {"14": 1.8090763688087463, "11": 1.811060866644216, "12": 1.8051132758458455, "5": 1.7879986248233102, "4": 1.7242322375134724, "3": 1.7525919760976518, "13": 1.7948767244815826, "0": 1.688158864198729, "1": 1.7582975171861195, "10": 1.7701600551605225, "8": 1.8238230631465004, "7": 1.7574389631097966, "6": 1.798095878958702, "9": 1.7695280421863904, "2": 1.7811533042362757}, "average_acc_selected": 36.70999030393127, "average_acc_all": 36.70999030393127}, "6": {"selected_clients": [5, 2, 4, 0, 13, 3, 9, 1, 11, 10, 14, 7, 6, 12, 8], "train_loss": {"5": 1.6724577302282506, "2": 1.669888042268299, "4": 1.6110575548032435, "0": 1.610894153284472, "13": 1.6808482646942138, "3": 1.674626614366259, "9": 1.6333298845724626, "1": 1.6584759950637817, "11": 1.7462668446607368, "10": 1.6341417233149211, "14": 1.6935889351935614, "7": 1.6564046009020372, "6": 1.6886636763811111, "12": 1.6798793138601842, "8": 1.706997581890651}, "average_acc_selected": 38.93879371454421, "average_acc_all": 38.93879371454421}, "7": {"selected_clients": [14, 10, 8, 5, 2, 12, 4, 13, 7, 9, 1, 0, 3, 11, 6], "train_loss": {"14": 1.6021259001323156, "10": 1.563494046529134, "8": 1.6550334692001343, "5": 1.6083005558360706, "2": 1.6064761593228294, "12": 1.6017017639600313, "4": 1.5609050640245763, "13": 1.6149219125509262, "7": 1.5832292979413813, "9": 1.5768691328438846, "1": 1.579173465569814, "0": 1.5553808655849723, "3": 1.6234110395113628, "11": 1.6888242100560389, "6": 1.611633014678955}, "average_acc_selected": 40.879982491092996, "average_acc_all": 40.879982491092996}, "8": {"selected_clients": [9, 14, 3, 10, 12, 5, 8, 1, 4, 7, 6, 13, 0, 2, 11], "train_loss": {"9": 1.5067975521087646, "14": 1.562461222921099, "3": 1.5515615145365398, "10": 1.4979389746983847, "12": 1.5503571033477783, "5": 1.5513671203093096, "8": 1.5788194991293407, "1": 1.547106609458015, "4": 1.5055082687517491, "7": 1.5417142537507145, "6": 1.565276563167572, "13": 1.5540145486593246, "0": 1.49804991067842, "2": 1.5646330260095143, "11": 1.580978837124137}, "average_acc_selected": 42.444146648052524, "average_acc_all": 42.444146648052524}, "9": {"selected_clients": [8, 2, 9, 5, 12, 1, 13, 7, 10, 3, 14, 11, 4, 0, 6], "train_loss": {"8": 1.5164808120046342, "2": 1.4995727084931874, "9": 1.4567432837052778, "5": 1.49355640465563, "12": 1.4966005117465289, "1": 1.5091576462700254, "13": 1.4966274887323379, "7": 1.4719604037024758, "10": 1.4527171452840169, "3": 1.5033285986809504, "14": 1.5004915850503104, "11": 1.5304309101991875, "4": 1.4448222474354069, "0": 1.4648851433465646, "6": 1.5101008385419845}, "average_acc_selected": 44.23433921331723, "average_acc_all": 44.23433921331723}, "10": {"selected_clients": [1, 13, 3, 12, 14, 5, 4, 9, 6, 7, 11, 2, 0, 8, 10], "train_loss": {"1": 1.4424614423797244, "13": 1.4667950302362442, "3": 1.4457992315292358, "12": 1.4517059448437812, "14": 1.4381663004557292, "5": 1.4572392918846824, "4": 1.3888625807878447, "9": 1.4072032625024968, "6": 1.450591242313385, "7": 1.437112350355495, "11": 1.4735372482344162, "2": 1.4538792740731012, "0": 1.4262111353319744, "8": 1.4889891261146182, "10": 1.4091226206885443}, "average_acc_selected": 45.48516621575911, "average_acc_all": 45.48516621575911}, "11": {"selected_clients": [5, 7, 6, 9, 3, 2, 13, 10, 11, 0, 8, 12, 14, 4, 1], "train_loss": {"5": 1.397208641875874, "7": 1.3998359712687405, "6": 1.4023898541927338, "9": 1.3635416654023258, "3": 1.386688544636681, "2": 1.416161250500452, "13": 1.4158686518669128, "10": 1.3633974976009793, "11": 1.450730839440989, "0": 1.3737591671389202, "8": 1.4278857225463504, "12": 1.390827246201344, "14": 1.394310630503155, "4": 1.3506259249477852, "1": 1.395962771915254}, "average_acc_selected": 47.144426543149365, "average_acc_all": 47.144426543149365}, "12": {"selected_clients": [6, 14, 9, 4, 0, 5, 3, 1, 12, 11, 2, 10, 7, 13, 8], "train_loss": {"6": 1.3605954378843308, "14": 1.3526822243418013, "9": 1.3218152631412854, "4": 1.2987572449009592, "0": 1.3244606575300528, "5": 1.3518649773164229, "3": 1.3506926553589957, "1": 1.3670589725176494, "12": 1.3402108565354958, "11": 1.3952916278395542, "2": 1.360045748097556, "10": 1.313910139931573, "7": 1.3596957109191201, "13": 1.3716766327619552, "8": 1.376855384735834}, "average_acc_selected": 48.27874956680121, "average_acc_all": 48.27874956680121}, "13": {"selected_clients": [13, 4, 12, 0, 14, 11, 2, 1, 9, 8, 7, 5, 3, 10, 6], "train_loss": {"13": 1.3423095166683197, "4": 1.2619444160926632, "12": 1.3044960254277937, "0": 1.3020458498666452, "14": 1.306627645379021, "11": 1.326705389244612, "2": 1.3105609942050207, "1": 1.3127155190422422, "9": 1.27965569767085, "8": 1.3362142812638056, "7": 1.3406279303810813, "5": 1.3275205438787288, "3": 1.3061211052395048, "10": 1.2759397930569119, "6": 1.335446262359619}, "average_acc_selected": 49.44084732345697, "average_acc_all": 49.44084732345697}, "14": {"selected_clients": [5, 3, 1, 11, 12, 0, 6, 13, 14, 8, 2, 10, 4, 7, 9], "train_loss": {"5": 1.2727928811853582, "3": 1.2593455626851036, "1": 1.2946808139483135, "11": 1.2980608870816785, "12": 1.2726318836212158, "0": 1.2686213033143865,