{"logs": {"0": {"selected_clients": [9, 7, 11, 14, 2, 6, 8, 12, 3, 13, 10, 5, 1, 0, 4], "train_loss": {"9": 1.888047917322679, "7": 1.9202680371024392, "11": 1.898315942564676, "14": 1.9107540164675032, "2": 1.8491915804999215, "6": 1.8989446669816972, "8": 1.9233507741065252, "12": 1.9017584843513293, "3": 1.8581535248529344, "13": 1.96366406083107, "10": 1.8017634365293715, "5": 1.9385116886008869, "1": 1.7905503397896176, "0": 1.7868549574253172, "4": 1.8290730714797974}, "average_acc_selected": 9.442166243400612, "average_acc_all": 9.442166243400612}, "1": {"selected_clients": [9, 1, 8, 5, 0, 12, 11, 7, 10, 4, 2, 14, 6, 3, 13], "train_loss": {"9": 2.0557165118781002, "1": 2.096986881324223, "8": 2.1104269481840587, "5": 2.0805738189003686, "0": 2.056072991947795, "12": 2.100731088564946, "11": 2.0858961676442345, "7": 2.068977551026778, "10": 2.0530027468999226, "4": 2.0653051719432924, "2": 2.067833593913487, "14": 2.086863460994902, "6": 2.102986288070679, "3": 2.1428542875108265, "13": 2.085504648089409}, "average_acc_selected": 19.8972519742081, "average_acc_all": 19.8972519742081}, "2": {"selected_clients": [14, 13, 1, 2, 6, 9, 8, 0, 10, 11, 3, 5, 4, 7, 12], "train_loss": {"14": 2.000983680997576, "13": 1.976251843571663, "1": 1.9973826692217873, "2": 2.024172782897949, "6": 2.0175205051898955, "9": 1.9754124039953405, "8": 2.0057438157853626, "0": 1.926728090574575, "10": 1.9927996158599854, "11": 2.011199172153029, "3": 2.013910182884761, "5": 1.984124793247743, "4": 1.940382736485179, "7": 1.982650870626623, "12": 2.026171314410674}, "average_acc_selected": 21.370528616793383, "average_acc_all": 21.370528616793383}, "3": {"selected_clients": [4, 8, 2, 9, 6, 13, 11, 5, 10, 3, 1, 7, 12, 14, 0], "train_loss": {"4": 1.9008046417701534, "8": 1.969314572356996, "2": 1.950460189864749, "9": 1.950628711418672, "6": 1.9626939088106155, "13": 1.9377077162265777, "11": 1.9350788177445877, "5": 1.9445579810576006, "10": 1.9239856402079265, "3": 1.912387183734349, "1": 1.895097465742202, "7": 1.9485803842544556, "12": 1.9630575485718555, "14": 1.9528005804334367, "0": 1.837132223816805}, "average_acc_selected": 23.007698177529804, "average_acc_all": 23.007698177529804}, "4": {"selected_clients": [2, 1, 13, 3, 10, 8, 0, 5, 14, 9, 7, 11, 12, 6, 4], "train_loss": {"2": 1.8220927800451006, "1": 1.8047898553666615, "13": 1.8626431614160537, "3": 1.8410453171957106, "10": 1.8470200512144301, "8": 1.8855163426626296, "0": 1.7493992849837903, "5": 1.8641728162765503, "14": 1.888263205687205, "9": 1.841470948674462, "7": 1.8545207570899616, "11": 1.8766093364981717, "12": 1.8863524901561248, "6": 1.8592073798179627, "4": 1.808103613737153}, "average_acc_selected": 26.520374092619782, "average_acc_all": 26.520374092619782}, "5": {"selected_clients": [14, 11, 12, 5, 4, 3, 13, 0, 1, 10, 8, 7, 6, 9, 2], "train_loss": {"14": 1.8090763688087463, "11": 1.811060866644216, "12": 1.8051132758458455, "5": 1.7879986248233102, "4": 1.7242322375134724, "3": 1.7525919760976518, "13": 1.7948767244815826, "0": 1.688158864198729, "1": 1.7582975171861195, "10": 1.7701600551605225, "8": 1.8238230631465004, "7": 1.7574389631097966, "6": 1.798095878958702, "9": 1.7695280421863904, "2": 1.7811533042362757}, "average_acc_selected": 36.70999030393127, "average_acc_all": 36.70999030393127}}, "config": {"n_clients": 15, "m": 1, "method": "pathological", "dirichlet_alpha": 100, "dataset": "cifar10", "n_classes": 10, "model": "cnn", "algorithm": "fed_g_prox", "prox_lambda": 0.01, "k_neighbours": 0.33, "ema_alpha": 0.75, "n_communities": 3, "client_bs": 64, "global_bs": 128, "global_rounds": 50, "client_epochs": 3, "client_lr": 0.001, "step_size": 2, "train_test_split": 0.8, "total_train_samples": 100000, "total_test_samples": 20000, "torch_seed": 42, "np_seed": 43, "local_eval_every": 1, "start_graph": 5, "swap_dist_every": 51, "log_dir": "checkpoints", "verbose": true}}