{"logs": {"0": {"selected_clients": [9, 7, 11, 14, 2, 6, 8, 12, 3, 13, 10, 5, 1, 0, 4], "train_loss": {"9": 0.8173083191694215, "7": 1.211415997365626, "11": 0.8166918978095055, "14": 0.9300982577460153, "2": 0.9648569679778555, "6": 0.8449556689995986, "8": 0.8942685537040234, "12": 0.891674992773268, "3": 0.8650037235683865, "13": 1.0068243503570558, "10": 0.7934656751916763, "5": 0.8906214975792429, "1": 0.877589789032936, "0": 0.9300589658118583, "4": 0.8144764579259433}, "average_acc_selected": 10.815554813977908, "average_acc_all": 10.815554813977908}, "1": {"selected_clients": [9, 1, 8, 5, 0, 12, 11, 7, 10, 4, 2, 14, 6, 3, 13], "train_loss": {"9": 1.153285678042922, "1": 1.1715694516897202, "8": 1.1284109018743038, "5": 1.1671703069106392, "0": 1.2007614986316577, "12": 1.2738879707124497, "11": 1.1925161629915237, "7": 1.3038155858109637, "10": 1.113821246522538, "4": 1.14503071247003, "2": 1.183256359204002, "14": 1.250954488345555, "6": 1.149322217855698, "3": 1.1032728645536634, "13": 1.1791468948125838}, "average_acc_selected": 10.37488027270366, "average_acc_all": 10.37488027270366}, "2": {"selected_clients": [14, 13, 1, 2, 6, 9, 8, 0, 10, 11, 3, 5, 4, 7, 12], "train_loss": {"14": 1.1318823780332292, "13": 1.0995145246386528, "1": 1.0983781814575195, "2": 1.114187249670858, "6": 1.0372803990657513, "9": 1.1017785599065382, "8": 1.0822362713515759, "0": 1.0518983054805446, "10": 1.0111164323827053, "11": 1.0789906233549118, "3": 1.0522918224334716, "5": 1.0974633978760762, "4": 1.0553932403906798, "7": 1.2953291201009982, "12": 1.1487752305136787}, "average_acc_selected": 20.92077709719706, "average_acc_all": 20.92077709719706}, "3": {"selected_clients": [4, 8, 2, 9, 6, 13, 11, 5, 10, 3, 1, 7, 12, 14, 0], "train_loss": {"4": 0.8579320601927929, "8": 0.9427669445673624, "2": 1.0192074892313585, "9": 0.8781448588814846, "6": 0.8611013277983054, "13": 1.0215157479047776, "11": 0.8514976605772973, "5": 0.9526078532571378, "10": 0.9051279057847693, "3": 0.9502043313450284, "1": 0.9775828957557678, "7": 1.2697639697935523, "12": 1.0349895437558492, "14": 0.9484083805765424, "0": 0.9270495949564753}, "average_acc_selected": 25.284827720696846, "average_acc_all": 25.284827720696846}, "4": {"selected_clients": [2, 1, 13, 3, 10, 8, 0, 5, 14, 9, 7, 11, 12, 6, 4], "train_loss": {"2": 0.9678924265115157, "1": 0.8990862190723419, "13": 0.9637054190039634, "3": 0.9029652039210002, "10": 0.8208149126235474, "8": 0.9058780086537203, "0": 0.879556828253978, "5": 0.8862520521101744, "14": 0.9049077834401812, "9": 0.8175660191580306, "7": 1.208404572998605, "11": 0.7900197863578796, "12": 0.9484609749582079, "6": 0.8231593125905746, "4": 0.7886519233385721}, "average_acc_selected": 27.26608153160087, "average_acc_all": 27.26608153160087}, "5": {"selected_clients": [14, 11, 12, 5, 4, 3, 13, 0, 1, 10, 8, 7, 6, 9, 2], "train_loss": {"14": 0.8616631201335362, "11": 0.7273916944861412, "12": 0.9071219616466099, "5": 0.850886644228645, "4": 0.7344976052259787, "3": 0.874059624142117, "13": 0.9463483914732933, "0": 0.8419723172445555, "1": 0.8534137710928917, "10": 0.7675862344021492, "8": 0.8927508828540643, "7": 1.1617225873761061, "6": 0.8058227667441735, "9": 0.7653303589931754, "2": 0.9285763683526412}, "average_acc_selected": 29.152742749975825, "average_acc_all": 29.152742749975825}}, "config": {"n_clients": 15, "m": 1, "method": "pathological", "dirichlet_alpha": 0.5, "dataset": "cifar10", "n_classes": 10, "model": "cnn", "algorithm": "fed_g_prox", "prox_lambda": 0.001, "k_neighbours": 0.6, "ema_alpha": 0.75, "n_communities": 3, "client_bs": 64, "global_bs": 128, "global_rounds": 50, "client_epochs": 3, "client_lr": 0.001, "step_size": 2, "train_test_split": 0.8, "total_train_samples": 100000, "total_test_samples": 20000, "torch_seed": 42, "np_seed": 43, "local_eval_every": 1, "start_graph": 10, "swap_dist_every": 51, "log_dir": "checkpoints_3", "verbose": true}}