{"logs": {"0": {"selected_clients": [9, 7, 11, 14, 2, 6, 8, 12, 3, 13, 10, 5, 1, 0, 4], "average_acc_selected": 85.59468431334345, "average_acc_all": 85.59468431334345}, "1": {"selected_clients": [9, 1, 8, 5, 0, 12, 11, 7, 10, 4, 2, 14, 6, 3, 13], "average_acc_selected": 96.09537430170424, "average_acc_all": 96.09537430170424}, "2": {"selected_clients": [14, 13, 1, 2, 6, 9, 8, 0, 10, 11, 3, 5, 4, 7, 12], "average_acc_selected": 96.97394098726177, "average_acc_all": 96.97394098726177}, "3": {"selected_clients": [4, 8, 2, 9, 6, 13, 11, 5, 10, 3, 1, 7, 12, 14, 0], "average_acc_selected": 97.73741846116823, "average_acc_all": 97.73741846116823}, "4": {"selected_clients": [2, 1, 13, 3, 10, 8, 0, 5, 14, 9, 7, 11, 12, 6, 4], "average_acc_selected": 98.08987781399763, "average_acc_all": 98.08987781399763}, "5": {"selected_clients": [14, 11, 12, 5, 4, 3, 13, 0, 1, 10, 8, 7, 6, 9, 2], "average_acc_selected": 98.2805180126911, "average_acc_all": 98.2805180126911}, "6": {"selected_clients": [5, 2, 4, 0, 13, 3, 9, 1, 11, 10, 14, 7, 6, 12, 8], "average_acc_selected": 98.40804979083676, "average_acc_all": 98.40804979083676}, "7": {"selected_clients": [14, 10, 8, 5, 2, 12, 4, 13, 7, 9, 1, 0, 3, 11, 6], "average_acc_selected": 98.36799833846996, "average_acc_all": 98.36799833846996}, "8": {"selected_clients": [9, 14, 3, 10, 12, 5, 8, 1, 4, 7, 6, 13, 0, 2, 11], "average_acc_selected": 98.60095805203171, "average_acc_all": 98.60095805203171}, "9": {"selected_clients": [8, 2, 9, 5, 12, 1, 13, 7, 10, 3, 14, 11, 4, 0, 6], "average_acc_selected": 98.59533827954552, "average_acc_all": 98.59533827954552}, "10": {"selected_clients": [1, 13, 3, 12, 14, 5, 4, 9, 6, 7, 11, 2, 0, 8, 10], "average_acc_selected": 98.72589530537648, "average_acc_all": 98.72589530537648}, "11": {"selected_clients": [5, 7, 6, 9, 3, 2, 13, 10, 11, 0, 8, 12, 14, 4, 1], "average_acc_selected": 98.62359477203432, "average_acc_all": 98.62359477203432}, "12": {"selected_clients": [6, 14, 9, 4, 0, 5, 3, 1, 12, 11, 2, 10, 7, 13, 8], "average_acc_selected": 98.73334936883704, "average_acc_all": 98.73334936883704}, "13": {"selected_clients": [13, 4, 12, 0, 14, 11, 2, 1, 9, 8, 7, 5, 3, 10, 6], "average_acc_selected": 98.82137280916207, "average_acc_all": 98.82137280916207}, "14": {"selected_clients": [5, 3, 1, 11, 12, 0, 6, 13, 14, 8, 2, 10, 4, 7, 9], "average_acc_selected": 98.8023054858552, "average_acc_all": 98.8023054858552}, "15": {"selected_clients": [3, 10, 8, 12, 14, 1, 4, 2, 11, 9, 6, 5, 13, 7, 0], "average_acc_selected": 98.79988967310676, "average_acc_all": 98.79988967310676}, "16": {"selected_clients": [5, 4, 6, 13, 0, 10, 9, 8, 11, 1, 2, 14, 7, 12, 3], "average_acc_selected": 98.82817061378528, "average_acc_all": 98.82817061378528}, "17": {"selected_clients": [9, 10, 6, 7, 14, 5, 4, 13, 1, 12, 2, 11, 0, 8, 3], "average_acc_selected": 98.8943340512853, "average_acc_all": 98.8943340512853}, "18": {"selected_clients": [10, 4, 0, 8, 9, 13, 6, 5, 2, 7, 11, 12, 3, 1, 14], "average_acc_selected": 98.89368894636871, "average_acc_all": 98.89368894636871}, "19": {"selected_clients": [13, 14, 0, 12, 7, 10, 2, 5, 6, 1, 3, 11, 9, 8, 4], "average_acc_selected": 98.80134996296633, "average_acc_all": 98.80134996296633}, "20": {"selected_clients": [9, 8, 7, 6, 3, 5, 0, 12, 14, 10, 13, 1, 4, 2, 11], "average_acc_selected": 98.94406859451992, "average_acc_all": 98.94406859451992}, "21": {"selected_clients": [0, 13, 3, 1, 8, 7, 4, 9, 11, 2, 12, 10, 14, 5, 6], "average_acc_selected": 98.8679587108442, "average_acc_all": 98.8679587108442}, "22": {"selected_clients": [6, 7, 12, 10, 8, 5, 9, 3, 14, 4, 1, 2, 13, 11, 0], "average_acc_selected": 98.90409401196112, "average_acc_all": 98.90409401196112}, "23": {"selected_clients": [0, 2, 6, 5, 7, 12, 3, 8, 13, 1, 10, 11, 4, 9, 14], "average_acc_selected": 98.9036479657216, "average_acc_all": 98.9036479657216}, "24": {"selected_clients": [13, 7, 6, 0, 4, 14, 5, 12, 9, 2, 3, 10, 11, 8, 1], "average_acc_selected": 98.91934309726572, "average_acc_all": 98.91934309726572}, "25": {"selected_clients": [4, 7, 0, 14, 5, 13, 8, 3, 9, 1, 11, 12, 2, 6, 10], "average_acc_selected": 98.90848653771663, "average_acc_all": 98.90848653771663}, "26": {"selected_clients": [13, 5, 8, 11, 1, 14, 7, 10, 2, 12, 4, 6, 3, 9, 0], "average_acc_selected": 98.9210268539762, "average_acc_all": 98.9210268539762}, "27": {"selected_clients": [14, 1, 9, 8, 0, 2, 6, 11, 12, 5, 4, 7, 3, 13, 10], "average_acc_selected": 98.91046130560434, "average_acc_all": 98.91046130560434}, "28": {"selected_clients": [1, 8, 5, 13, 9, 10, 4, 2, 12, 14, 3, 6, 0, 11, 7], "average_acc_selected": 98.9406175976051, "average_acc_all": 98.9406175976051}, "29": {"selected_clients": [11, 8, 3, 14, 12, 1, 0, 10, 13, 9, 6, 2, 7, 5, 4], "average_acc_selected": 98.95133753804971, "average_acc_all": 98.95133753804971}, "30": {"selected_clients": [10, 9, 3, 1, 6, 14, 13, 8, 7, 4, 11, 2, 0, 12, 5], "average_acc_selected": 98.91919789058905, "average_acc_all": 98.91919789058905}, "31": {"selected_clients": [11, 8, 5, 12, 14, 6, 7, 3, 9, 4, 10, 13, 0, 2, 1], "average_acc_selected": 98.95330641596493, "average_acc_all": 98.95330641596493}}, "similarity_logs": {}, "config": {"n_clients": 15, "m": 1, "method": "pathological", "dirichlet_alpha": 0.5, "dataset": "mnist", "n_classes": 10, "model": "mnist", "prox_lambda": 0.25, "k_neighbours": 0.4, "client_bs": 128, "global_bs": 128, "global_rounds": 50, "client_epochs": 3, "client_lr": 0.0003, "step_size": 2, "train_test_split": 0.8, "total_train_samples": 100000, "total_test_samples": 20000, "torch_seed": 42, "np_seed": 43, "local_eval_every": 1, "swap_dist_every": 50, "log_dir": "checkpoints", "verbose": true}}