{
  "losses_distributed": [
    [
      1,
      0.21776499056377027
    ],
    [
      2,
      0.3039262584410387
    ],
    [
      3,
      0.349429605214221
    ],
    [
      4,
      0.3966193219069525
    ],
    [
      5,
      0.439903684363087
    ],
    [
      6,
      0.4922820779707351
    ],
    [
      7,
      0.5218461075071634
    ],
    [
      8,
      0.5522219846785619
    ],
    [
      9,
      0.5567211882644462
    ],
    [
      10,
      0.5751923267870405
    ]
  ],
  "losses_centralized": [],
  "metrics_distributed_fit": {
    "avg_train_loss": [
      [
        1,
        0.7852473603298241
      ],
      [
        2,
        0.5907034295722782
      ],
      [
        3,
        0.47350291050976284
      ],
      [
        4,
        0.39982772153605145
      ],
      [
        5,
        0.3410115101175004
      ],
      [
        6,
        0.29282127460000557
      ],
      [
        7,
        0.25273280057638114
      ],
      [
        8,
        0.21809578563978768
      ],
      [
        9,
        0.18049017751333926
      ],
      [
        10,
        0.1505448799005098
      ]
    ]
  },
  "metrics_distributed": {
    "accuracy": [
      [
        1,
        0.21776499056377027
      ],
      [
        2,
        0.3039262584410387
      ],
      [
        3,
        0.349429605214221
      ],
      [
        4,
        0.3966193219069525
      ],
      [
        5,
        0.439903684363087
      ],
      [
        6,
        0.4922820779707351
      ],
      [
        7,
        0.5218461075071634
      ],
      [
        8,
        0.5522219846785619
      ],
      [
        9,
        0.5567211882644462
      ],
      [
        10,
        0.5751923267870405
      ]
    ]
  },
  "metrics_centralized": {}
}