{"logs": {"0": {"selected_clients": [9, 7, 11, 14, 2, 6, 8, 12, 3, 13, 10, 5, 1, 0, 4], "train_loss": {"9": 1.89683013883504, "7": 1.8901983499526978, "11": 2.001916389132655, "14": 1.8804453639757066, "2": 1.879683494567871, "6": 1.9546462655067445, "8": 1.9192093894595192, "12": 1.9229572858565893, "3": 1.8340200923738026, "13": 1.9567132264375686, "10": 1.7904857688479954, "5": 1.843386102806438, "1": 1.8566487317993527, "0": 1.7854773083398507, "4": 1.822258580021742}, "average_acc_selected": 9.442166243400612, "average_acc_all": 9.442166243400612}, "1": {"selected_clients": [9, 1, 8, 5, 0, 12, 11, 7, 10, 4, 2, 14, 6, 3, 13], "train_loss": {"9": 2.138195433399894, "1": 2.1366031794320968, "8": 2.0980181835946583, "5": 2.068272739648819, "0": 2.0566587780797203, "12": 2.1102541226607103, "11": 2.0807260718456533, "7": 2.0969767678867686, "10": 2.0860997438430786, "4": 2.0790766332207657, "2": 2.0881437148366655, "14": 2.0893813910938444, "6": 2.121745753288269, "3": 2.0748769697688876, "13": 2.0623203068971634}, "average_acc_selected": 18.473973701277433, "average_acc_all": 18.473973701277433}, "2": {"selected_clients": [14, 13, 1, 2, 6, 9, 8, 0, 10, 11, 3, 5, 4, 7, 12], "train_loss": {"14": 2.02195390917006, "13": 1.983268004655838, "1": 1.9262092056728544, "2": 1.9279442429542542, "6": 2.0221806198358534, "9": 1.9893114837733181, "8": 2.0161407533146085, "0": 1.8693261396053225, "10": 1.9936331033706665, "11": 2.002062753189442, "3": 1.9722489005043393, "5": 1.9875046556646174, "4": 1.950165347355168, "7": 1.990222454071045, "12": 2.0219871478203015}, "average_acc_selected": 20.962162919053142, "average_acc_all": 20.962162919053142}, "3": {"selected_clients": [4, 8, 2, 9, 6, 13, 11, 5, 10, 3, 1, 7, 12, 14, 0], "train_loss": {"4": 1.8306836849305688, "8": 1.9640897115071614, "2": 1.8682301413445246, "9": 1.9210794270038605, "6": 1.956386461853981, "13": 1.9111485332250595, "11": 1.9406825387200644, "5": 1.915865890004418, "10": 1.9201471461190118, "3": 1.8614873062996637, "1": 1.8230402498018174, "7": 1.9411524452946403, "12": 1.9466759883440459, "14": 1.9464348355929058, "0": 1.7836065625035487}, "average_acc_selected": 22.662524607568916, "average_acc_all": 22.662524607568916}, "4": {"selected_clients": [2, 1, 13, 3, 10, 8, 0, 5, 14, 9, 7, 11, 12, 6, 4], "train_loss": {"2": 1.788897400810605, "1": 1.7677857648758661, "13": 1.8126942425966264, "3": 1.761161642415183, "10": 1.8236027638117471, "8": 1.8602508930932908, "0": 1.712674434794936, "5": 1.8387470191175288, "14": 1.8394681357202076, "9": 1.8044742156158795, "7": 1.8290065310218118, "11": 1.8371434184007867, "12": 1.8523787596286871, "6": 1.8435367733240127, "4": 1.7240630068430087}, "average_acc_selected": 25.683253853355822, "average_acc_all": 25.683253853355822}, "5": {"selected_clients": [14, 11, 12, 5, 4, 3, 13, 0, 1, 10, 8, 7, 6, 9, 2], "train_loss": {"14": 1.7742956479390461, "11": 1.80257487574289, "12": 1.7793191977036305, "5": 1.77301163835959, "4": 1.6931728909655315, "3": 1.724835787500654, "13": 1.7614561855792998, "0": 1.6752502225166144, "1": 1.7244649217242287, "10": 1.7366675350401137, "8": 1.8003927157038735, "7": 1.7372897998853163, "6": 1.7645887434482574, "9": 1.724505064162341, "2": 1.7439268032709758}, "average_acc_selected": 37.67576209361382, "average_acc_all": 37.67576209361382}}, "config": {"n_clients": 15, "m": 1, "method": "rotated", "dirichlet_alpha": 100, "dataset": "cifar10", "n_classes": 10, "model": "cnn", "algorithm": "fed_g_prox", "prox_lambda": 0.01, "k_neighbours": 0.33, "ema_alpha": 0.75, "n_communities": 3, "client_bs": 64, "global_bs": 128, "global_rounds": 50, "client_epochs": 3, "client_lr": 0.001, "step_size": 2, "train_test_split": 0.8, "total_train_samples": 100000, "total_test_samples": 20000, "torch_seed": 42, "np_seed": 43, "local_eval_every": 1, "start_graph": 5, "swap_dist_every": 15, "log_dir": "checkpoints_2", "verbose": true}}