{"logs": {"0": {"selected_clients": [9, 7, 11, 14, 2, 6, 8, 12, 3, 13, 10, 5, 1, 0, 4], "train_loss": {"9": 1.89683013883504, "7": 1.8901983499526978, "11": 2.001916389132655, "14": 1.8804453639757066, "2": 1.879683494567871, "6": 1.9546462655067445, "8": 1.9192093894595192, "12": 1.9229572858565893, "3": 1.8340200923738026, "13": 1.9567132264375686, "10": 1.7904857688479954, "5": 1.843386102806438, "1": 1.8566487317993527, "0": 1.7854773083398507, "4": 1.822258580021742}, "average_acc_selected": 9.442166243400612, "average_acc_all": 9.442166243400612}, "1": {"selected_clients": [9, 1, 8, 5, 0, 12, 11, 7, 10, 4, 2, 14, 6, 3, 13], "train_loss": {"9": 2.138195433399894, "1": 2.1366031794320968, "8": 2.0980181835946583, "5": 2.068272739648819, "0": 2.0566587780797203, "12": 2.1102541226607103, "11": 2.0807260718456533, "7": 2.0969767678867686, "10": 2.0860997438430786, "4": 2.0790766332207657, "2": 2.0881437148366655, "14": 2.0893813910938444, "6": 2.121745753288269, "3": 2.0748769697688876, "13": 2.0623203068971634}, "average_acc_selected": 18.473973701277433, "average_acc_all": 18.473973701277433}, "2": {"selected_clients": [14, 13, 1, 2, 6, 9, 8, 0, 10, 11, 3, 5, 4, 7, 12], "train_loss": {"14": 2.02195390917006, "13": 1.983268004655838, "1": 1.9262092056728544, "2": 1.9279442429542542, "6": 2.0221806198358534, "9": 1.9893114837733181, "8": 2.0161407533146085, "0": 1.8693261396053225, "10": 1.9936331033706665, "11": 2.002062753189442, "3": 1.9722489005043393, "5": 1.9875046556646174, "4": 1.950165347355168, "7": 1.990222454071045, "12": 2.0219871478203015}, "average_acc_selected": 20.962162919053142, "average_acc_all": 20.962162919053142}, "3": {"selected_clients": [4, 8, 2, 9, 6, 13, 11, 5, 10, 3, 1, 7, 12, 14, 0], "train_loss": {"4": 1.8306836849305688, "8": 1.9640897115071614, "2": 1.8682301413445246, "9": 1.9210794270038605, "6": 1.956386461853981, "13": 1.9111485332250595, "11": 1.9406825387200644, "5": 1.915865890004418, "10": 1.9201471461190118, "3": 1.8614873062996637, "1": 1.8230402498018174, "7": 1.9411524452946403, "12": 1.9466759883440459, "14": 1.9464348355929058, "0": 1.7836065625035487}, "average_acc_selected": 22.662524607568916, "average_acc_all": 22.662524607568916}, "4": {"selected_clients": [2, 1, 13, 3, 10, 8, 0, 5, 14, 9, 7, 11, 12, 6, 4], "train_loss": {"2": 1.788897400810605, "1": 1.7677857648758661, "13": 1.8126942425966264, "3": 1.761161642415183, "10": 1.8236027638117471, "8": 1.8602508930932908, "0": 1.712674434794936, "5": 1.8387470191175288, "14": 1.8394681357202076, "9": 1.8044742156158795, "7": 1.8290065310218118, "11": 1.8371434184007867, "12": 1.8523787596286871, "6": 1.8435367733240127, "4": 1.7240630068430087}, "average_acc_selected": 25.683253853355822, "average_acc_all": 25.683253853355822}, "5": {"selected_clients": [14, 11, 12, 5, 4, 3, 13, 0, 1, 10, 8, 7, 6, 9, 2], "train_loss": {"14": 1.7742956479390461, "11": 1.80257487574289, "12": 1.7793191977036305, "5": 1.77301163835959, "4": 1.6931728909655315, "3": 1.724835787500654, "13": 1.7614561855792998, "0": 1.6752502225166144, "1": 1.7244649217242287, "10": 1.7366675350401137, "8": 1.8003927157038735, "7": 1.7372897998853163, "6": 1.7645887434482574, "9": 1.724505064162341, "2": 1.7439268032709758}, "average_acc_selected": 37.67576209361382, "average_acc_all": 37.67576209361382}, "6": {"selected_clients": [5, 2, 4, 0, 13, 3, 9, 1, 11, 10, 14, 7, 6, 12, 8], "train_loss": {"5": 1.6694935262203217, "2": 1.6393970080784388, "4": 1.5966989645143834, "0": 1.5927085349726122, "13": 1.6567827373743058, "3": 1.6399354594094413, "9": 1.630039412866939, "1": 1.6376707695779347, "11": 1.6802624768989032, "10": 1.610125520494249, "14": 1.6640701606160118, "7": 1.6300500414588235, "6": 1.6685547322034835, "12": 1.6659317627931252, "8": 1.7059751890954518}, "average_acc_selected": 39.932025247020846, "average_acc_all": 39.932025247020846}, "7": {"selected_clients": [14, 10, 8, 5, 2, 12, 4, 13, 7, 9, 1, 0, 3, 11, 6], "train_loss": {"14": 1.596897582213084, "10": 1.543677388297187, "8": 1.6227911313374836, "5": 1.5942602455615997, "2": 1.6053044512158348, "12": 1.573984302007235, "4": 1.5421171217429928, "13": 1.5845833986997604, "7": 1.561230632391843, "9": 1.5358442935076626, "1": 1.5592147906621296, "0": 1.5596082016479138, "3": 1.589012256690434, "11": 1.584994116494822, "6": 1.610843539237976}, "average_acc_selected": 42.11003468884006, "average_acc_all": 42.11003468884006}, "8": {"selected_clients": [9, 14, 3, 10, 12, 5, 8, 1, 4, 7, 6, 13, 0, 2, 11], "train_loss": {"9": 1.479626327753067, "14": 1.5393630550021218, "3": 1.5397919984090895, "10": 1.4842826075024076, "12": 1.5330149821746044, "5": 1.523856046524915, "8": 1.5659502914973669, "1": 1.5093922132537478, "4": 1.486356819548258, "7": 1.4938866604458203, "6": 1.5435394674539566, "13": 1.5305532813072205, "0": 1.4877880451291106, "2": 1.5425519148508708, "11": 1.5462721447611965}, "average_acc_selected": 43.53655823045073, "average_acc_all": 43.53655823045073}, "9": {"selected_clients": [8, 2, 9, 5, 12, 1, 13, 7, 10, 3, 14, 11, 4, 0, 6], "train_loss": {"8": 1.4974349652017866, "2": 1.4942310253779094, "9": 1.4336719621311536, "5": 1.479720183394172, "12": 1.4796512126922607, "1": 1.4699473012061346, "13": 1.491011619567871, "7": 1.4491594406691464, "10": 1.439286231994629, "3": 1.490852001167479, "14": 1.4840334852536519, "11": 1.4838454515434976, "4": 1.4471900463104248, "0": 1.437045421711234, "6": 1.4822534888982772}, "average_acc_selected": 44.69323477615957, "average_acc_all": 44.69323477615957}, "10": {"selected_clients": [1, 13, 3, 12, 14, 5, 4, 9, 6, 7, 11, 2, 0, 8, 10], "train_loss": {"1": 1.441427108787355, "13": 1.4202514261007309, "3": 1.4387905711219424, "12": 1.4308951390095246, "14": 1.436630978470757, "5": 1.427936925129457, "4": 1.3996239115552205, "9": 1.3816113471984863, "6": 1.4413778424263, "7": 1.417448642578992, "11": 1.4389723982921867, "2": 1.4437461041268849, "0": 1.3962691495584887, "8": 1.4847357812381925, "10": 1.388466559516059}, "average_acc_selected": 45.844388715295516, "average_acc_all": 45.844388715295516}, "11": {"selected_clients": [5, 7, 6, 9, 3, 2, 13, 10, 11, 0, 8, 12, 14, 4, 1], "train_loss": {"5": 1.3797227875752882, "7": 1.3718987649137324, "6": 1.4035957038402558, "9": 1.3464990041472695, "3": 1.3958478371302288, "2": 1.3982985899561928, "13": 1.3831950783729554, "10": 1.339062476158142, "11": 1.4063809333845627, "0": 1.363989466844603, "8": 1.4088046862965538, "12": 1.4007951051760943, "14": 1.3943390079907008, "4": 1.3534031699343425, "1": 1.3945599567322504}, "average_acc_selected": 47.16703856890932, "average_acc_all": 47.16703856890932}, "12": {"selected_clients": [6, 14, 9, 4, 0, 5, 3, 1, 12, 11, 2, 10, 7, 13, 8], "train_loss": {"6": 1.3576231390237807, "14": 1.3502398672558011, "9": 1.3070028966123408, "4": 1.3139528326871919, "0": 1.3125900806382644, "5": 1.3439810574054718, "3": 1.3558973584856306, "1": 1.3608261261667525, "12": 1.349424273539812, "11": 1.4153727182122164, "2": 1.3517457502228873, "10": 1.3057066705491809, "7": 1.3291506333784624, "13": 1.3749812990427017, "8": 1.3759218425977797}, "average_acc_selected": 48.73763987675613, "average_acc_all": 48.73763987675613}, "13": {"selected_clients": [13, 4, 12, 0, 14, 11, 2, 1, 9, 8, 7, 5, 3, 10, 6], "train_loss": {"13": 1.3167376041412353, "4": 1.2842422214950002, "12": 1.3191954019742134, "0": 1.2852466078691704, "14": 1.3130433474268233, "11": 1.3727658903876017, "2": 1.3172124028205872, "1": 1.3233686302389418, "9": 1.2822052131999622, "8": 1.350095121633439, "7": 1.3071137504144148, "5": 1.3079685921018773, "3": 1.3104946584928603, "10": 1.273577140437232, "6": 1.3268664509058}, "average_acc_selected": 49.58752358633876, "average_acc_all": 49.58752358633876}, "14": {"selected_clients": [5, 3, 1, 11, 12, 0, 6, 13, 14, 8, 2, 10, 4, 7, 9], "train_loss": {"5": 1.271236303177747, "3": 1.3037904784792946, "1": 1.2914586322648185, "11": 1.363956099332765, "12": 1.2820566036762335, "0": 1.2542310953140259,