{
  "losses_distributed": [
    [
      1,
      2.196610699128012
    ],
    [
      2,
      1.8957920451350005
    ],
    [
      3,
      1.6901511934760762
    ],
    [
      4,
      1.5542601311391246
    ],
    [
      5,
      1.4612226978487917
    ],
    [
      6,
      1.4003303445000765
    ],
    [
      7,
      1.329750481123637
    ],
    [
      8,
      1.272832841518587
    ],
    [
      9,
      1.2309810852141332
    ],
    [
      10,
      1.1982953359947177
    ],
    [
      11,
      1.1686078905423547
    ],
    [
      12,
      1.145589576869235
    ],
    [
      13,
      1.128045747655226
    ],
    [
      14,
      1.1116066364017902
    ],
    [
      15,
      1.1040745065646773
    ],
    [
      16,
      1.1092183754283067
    ],
    [
      17,
      1.0823989215088359
    ],
    [
      18,
      1.115068109507562
    ],
    [
      19,
      1.1203292621456344
    ],
    [
      20,
      1.094539964053272
    ],
    [
      21,
      1.1125614730584652
    ],
    [
      22,
      1.1412954880255157
    ],
    [
      23,
      1.1313739128451419
    ],
    [
      24,
      1.1487323797553466
    ],
    [
      25,
      1.1492196673473138
    ],
    [
      26,
      1.1680008143814342
    ],
    [
      27,
      1.207414664958319
    ],
    [
      28,
      1.2113010807046891
    ],
    [
      29,
      1.2212998746382417
    ],
    [
      30,
      1.2388545155666904
    ]
  ],
  "losses_centralized": [],
  "metrics_distributed_fit": {
    "avg_train_loss": [
      [
        1,
        0.7709017848036397
      ],
      [
        2,
        0.632543757486421
      ],
      [
        3,
        0.5534457167225045
      ],
      [
        4,
        0.49278467712014884
      ],
      [
        5,
        0.44453351961990445
      ],
      [
        6,
        0.4107724765703774
      ],
      [
        7,
        0.37608682847739505
      ],
      [
        8,
        0.3475194901296742
      ],
      [
        9,
        0.32669749523845226
      ],
      [
        10,
        0.30149717777615315
      ],
      [
        11,
        0.28362933593786327
      ],
      [
        12,
        0.2693250762847865
      ],
      [
        13,
        0.2555746046099091
      ],
      [
        14,
        0.24283635184240487
      ],
      [
        15,
        0.22238540906615004
      ],
      [
        16,
        0.21374655602071577
      ],
      [
        17,
        0.2003988105607924
      ],
      [
        18,
        0.18661367763538073
      ],
      [
        19,
        0.17693426397574105
      ],
      [
        20,
        0.1638107339793793
      ],
      [
        21,
        0.15428160312018474
      ],
      [
        22,
        0.14876924803081956
      ],
      [
        23,
        0.13842576034536588
      ],
      [
        24,
        0.13303580662443634
      ],
      [
        25,
        0.12353231387107337
      ],
      [
        26,
        0.11888181349810538
      ],
      [
        27,
        0.10873580306393102
      ],
      [
        28,
        0.10599959291723218
      ],
      [
        29,
        0.09882464605770515
      ],
      [
        30,
        0.09113044318064274
      ]
    ]
  },
  "metrics_distributed": {
    "accuracy": [
      [
        1,
        0.22016789926044372
      ],
      [
        2,
        0.31121327203677795
      ],
      [
        3,
        0.42174695182890265
      ],
      [
        4,
        0.448930641615031
      ],
      [
        5,
        0.4813112132720368
      ],
      [
        6,
        0.49730161902858283
      ],
      [
        7,
        0.5204877073755747
      ],
      [
        8,
        0.5449730161902858
      ],
      [
        9,
        0.5581651009394364
      ],
      [
        10,
        0.5671597041774935
      ],
      [
        11,
        0.5830501698980611
      ],
      [
        12,
        0.5867479512292625
      ],
      [
        13,
        0.5973415950429742
      ],
      [
        14,
        0.6029382370577654
      ],
      [
        15,
        0.6114331401159304
      ],
      [
        16,
        0.6133320007995203
      ],
      [
        17,
        0.6265240855486708
      ],
      [
        18,
        0.6213272036777934
      ],
      [
        19,
        0.6269238456925844
      ],
      [
        20,
        0.6342194683190086
      ],
      [
        21,
        0.6296222266640016
      ],
      [
        22,
        0.6267239656206276
      ],
      [
        23,
        0.6347191684989006
      ],
      [
        24,
        0.6296222266640016
      ],
      [
        25,
        0.6393164101539076
      ],
      [
        26,
        0.631421147311613
      ],
      [
        27,
        0.6366180291824906
      ],
      [
        28,
        0.633120127923246
      ],
      [
        29,
        0.6340195882470517
      ],
      [
        30,
        0.6399160503697782
      ]
    ]
  },
  "metrics_centralized": {},
  "Config": {
    "n_clients": 10,
    "m": 1,
    "sampling_method": "pathological",
    "dirichlet_alpha": 0.5,
    "dataset": "cifar10",
    "n_classes": 10,
    "model": "cnn",
    "algorithm": "fed_g_prox",
    "prox_lambda": 0.001,
    "k_neighbours": 0.4,
    "ema_alpha": 0.99,
    "n_communities": 3,
    "client_bs": 64,
    "global_bs": 128,
    "global_rounds": 30,
    "client_epochs": 3,
    "client_lr": 0.001,
    "reduce_lr_every": 5,
    "train_test_split": 0.8,
    "torch_seed": 42,
    "np_seed": 43,
    "rand_seed": 44,
    "local_eval_every": 3,
    "verbose": true,
    "note": "Fed prox algorithm with pathological sampling with num_classes_per_partition=3 trained for 30 rounds, and fraction_evaluate=fraction_fit=1.0 "
  }
}