{"logs": {"0": {"selected_clients": [9, 7, 11, 14, 2, 6, 8, 12, 3, 13, 10, 5, 1, 0, 4], "train_loss": {"9": 0.522733967821553, "7": 0.5197824228484675, "11": 0.5432352359388389, "14": 0.532796580195427, "2": 0.5414546889066696, "6": 0.5851590366413196, "8": 0.5202276110649109, "12": 0.5299661774584588, "3": 0.5340803426504135, "13": 0.5495310332626104, "10": 0.5309931989069339, "5": 0.5255376246740233, "1": 0.5565002876520156, "0": 0.5769900536307921, "4": 0.5220100095077437}, "average_acc_selected": 10.515088892232058, "average_acc_all": 10.515088892232058}, "1": {"selected_clients": [9, 1, 8, 5, 0, 12, 11, 7, 10, 4, 2, 14, 6, 3, 13], "train_loss": {"9": 0.839429295287942, "1": 0.8168577527999878, "8": 0.8711007368564606, "5": 0.8144918286575461, "0": 0.8643624324064988, "12": 0.8422987169407784, "11": 0.7937567911896051, "7": 0.8327372962573789, "10": 0.843316337576619, "4": 0.8493237653557135, "2": 0.8141192078590394, "14": 0.828707035779953, "6": 0.8330954598883787, "3": 0.8277928400039672, "13": 0.8471487512191137}, "average_acc_selected": 27.043409242077637, "average_acc_all": 27.043409242077637}, "2": {"selected_clients": [14, 13, 1, 2, 6, 9, 8, 0, 10, 11, 3, 5, 4, 7, 12], "train_loss": {"14": 0.5065194290876388, "13": 0.5316110532730818, "1": 0.5391899222135543, "2": 0.5181237059831619, "6": 0.5473283311973015, "9": 0.5481992847514603, "8": 0.5331722247600555, "0": 0.5721777700460874, "10": 0.5319228691083414, "11": 0.5127426339130775, "3": 0.5061186385154725, "5": 0.5517222898186378, "4": 0.5149346839408485, "7": 0.5334098100099923, "12": 0.5586692836690457}, "average_acc_selected": 37.07089444468139, "average_acc_all": 37.07089444468139}, "3": {"selected_clients": [4, 8, 2, 9, 6, 13, 11, 5, 10, 3, 1, 7, 12, 14, 0], "train_loss": {"4": 0.40036066454284047, "8": 0.4035035115480423, "2": 0.39334091246128083, "9": 0.42085594248096897, "6": 0.42630299429098767, "13": 0.426807743186752, "11": 0.4026087344277139, "5": 0.415785976175992, "10": 0.41533487538496655, "3": 0.39278641164302824, "1": 0.4289513635635376, "7": 0.4231138932255079, "12": 0.39561101477196875, "14": 0.38757328063249585, "0": 0.41769172652409625}, "average_acc_selected": 45.742939740352114, "average_acc_all": 45.742939740352114}, "4": {"selected_clients": [2, 1, 13, 3, 10, 8, 0, 5, 14, 9, 7, 11, 12, 6, 4], "train_loss": {"2": 0.3159452924132347, "1": 0.3260898306965828, "13": 0.33657631433258456, "3": 0.29154569417238235, "10": 0.32844942559798557, "8": 0.3271879753470421, "0": 0.3250257126413859, "5": 0.33402576986348853, "14": 0.3251016664505005, "9": 0.3358739040932565, "7": 0.32645025680649953, "11": 0.31090335869321634, "12": 0.30149673749791817, "6": 0.3253048546612263, "4": 0.3269557721760808}, "average_acc_selected": 53.38794241618459, "average_acc_all": 53.38794241618459}, "5": {"selected_clients": [14, 11, 12, 5, 4, 3, 13, 0, 1, 10, 8, 7, 6, 9, 2], "train_loss": {"14": 0.2533838737010956, "11": 0.2563701850526473, "12": 0.23997683062198313, "5": 0.25797967837666563, "4": 0.24703678762426182, "3": 0.23094213306903838, "13": 0.2874485108380516, "0": 0.3084636571315619, "1": 0.2649080204963684, "10": 0.2669655390911632, "8": 0.2531255531311035, "7": 0.2524122252779187, "6": 0.2680785767734051, "9": 0.26727825346982703, "2": 0.2464816066622734}, "average_acc_selected": 92.56829918429938, "average_acc_all": 92.56829918429938}}, "config": {"n_clients": 15, "m": 1, "method": "rotated", "dirichlet_alpha": 100, "dataset": "mnist", "n_classes": 10, "model": "mnist", "algorithm": "fed_g_prox", "prox_lambda": 0.01, "k_neighbours": 0.33, "ema_alpha": 0.75, "n_communities": 3, "client_bs": 64, "global_bs": 128, "global_rounds": 50, "client_epochs": 3, "client_lr": 0.001, "step_size": 2, "train_test_split": 0.8, "total_train_samples": 100000, "total_test_samples": 20000, "torch_seed": 42, "np_seed": 43, "local_eval_every": 1, "start_graph": 5, "swap_dist_every": 15, "log_dir": "checkpoints_2", "verbose": true}}