{"logs": {"0": {"selected_clients": [9, 7, 11, 14, 2, 6, 8, 12, 3, 13, 10, 5, 1, 0, 4], "average_acc_selected": 81.76725071919785, "average_acc_all": 81.76725071919785}, "1": {"selected_clients": [9, 1, 8, 5, 0, 12, 11, 7, 10, 4, 2, 14, 6, 3, 13], "average_acc_selected": 85.59812592592405, "average_acc_all": 85.59812592592405}, "2": {"selected_clients": [14, 13, 1, 2, 6, 9, 8, 0, 10, 11, 3, 5, 4, 7, 12], "average_acc_selected": 85.90816476121493, "average_acc_all": 85.90816476121493}, "3": {"selected_clients": [4, 8, 2, 9, 6, 13, 11, 5, 10, 3, 1, 7, 12, 14, 0], "average_acc_selected": 87.68184207938788, "average_acc_all": 87.68184207938788}, "4": {"selected_clients": [2, 1, 13, 3, 10, 8, 0, 5, 14, 9, 7, 11, 12, 6, 4], "average_acc_selected": 88.96299428957029, "average_acc_all": 88.96299428957029}, "5": {"selected_clients": [14, 11, 12, 5, 4, 3, 13, 0, 1, 10, 8, 7, 6, 9, 2], "average_acc_selected": 87.79672393986068, "average_acc_all": 87.79672393986068}, "6": {"selected_clients": [5, 2, 4, 0, 13, 3, 9, 1, 11, 10, 14, 7, 6, 12, 8], "average_acc_selected": 89.59706233590443, "average_acc_all": 89.59706233590443}, "7": {"selected_clients": [14, 10, 8, 5, 2, 12, 4, 13, 7, 9, 1, 0, 3, 11, 6], "average_acc_selected": 89.36707328632991, "average_acc_all": 89.36707328632991}, "8": {"selected_clients": [9, 14, 3, 10, 12, 5, 8, 1, 4, 7, 6, 13, 0, 2, 11], "average_acc_selected": 89.73447211565536, "average_acc_all": 89.73447211565536}, "9": {"selected_clients": [8, 2, 9, 5, 12, 1, 13, 7, 10, 3, 14, 11, 4, 0, 6], "average_acc_selected": 89.34010059888843, "average_acc_all": 89.34010059888843}, "10": {"selected_clients": [1, 13, 3, 12, 14, 5, 4, 9, 6, 7, 11, 2, 0, 8, 10], "average_acc_selected": 89.64704459582666, "average_acc_all": 89.64704459582666}, "11": {"selected_clients": [5, 7, 6, 9, 3, 2, 13, 10, 11, 0, 8, 12, 14, 4, 1], "average_acc_selected": 89.98720870273532, "average_acc_all": 89.98720870273532}, "12": {"selected_clients": [6, 14, 9, 4, 0, 5, 3, 1, 12, 11, 2, 10, 7, 13, 8], "average_acc_selected": 90.09914629299483, "average_acc_all": 90.09914629299483}, "13": {"selected_clients": [13, 4, 12, 0, 14, 11, 2, 1, 9, 8, 7, 5, 3, 10, 6], "average_acc_selected": 89.99736875640173, "average_acc_all": 89.99736875640173}, "14": {"selected_clients": [5, 3, 1, 11, 12, 0, 6, 13, 14, 8, 2, 10, 4, 7, 9], "average_acc_selected": 89.65629276259943, "average_acc_all": 89.65629276259943}, "15": {"selected_clients": [3, 10, 8, 12, 14, 1, 4, 2, 11, 9, 6, 5, 13, 7, 0], "average_acc_selected": 89.90516686513452, "average_acc_all": 89.90516686513452}, "16": {"selected_clients": [5, 4, 6, 13, 0, 10, 9, 8, 11, 1, 2, 14, 7, 12, 3], "average_acc_selected": 89.60590362741677, "average_acc_all": 89.60590362741677}, "17": {"selected_clients": [9, 10, 6, 7, 14, 5, 4, 13, 1, 12, 2, 11, 0, 8, 3], "average_acc_selected": 89.50391559189877, "average_acc_all": 89.50391559189877}, "18": {"selected_clients": [10, 4, 0, 8, 9, 13, 6, 5, 2, 7, 11, 12, 3, 1, 14], "average_acc_selected": 89.87385642480838, "average_acc_all": 89.87385642480838}, "19": {"selected_clients": [13, 14, 0, 12, 7, 10, 2, 5, 6, 1, 3, 11, 9, 8, 4], "average_acc_selected": 90.12390716056939, "average_acc_all": 90.12390716056939}, "20": {"selected_clients": [9, 8, 7, 6, 3, 5, 0, 12, 14, 10, 13, 1, 4, 2, 11], "average_acc_selected": 89.79951556844463, "average_acc_all": 89.79951556844463}, "21": {"selected_clients": [0, 13, 3, 1, 8, 7, 4, 9, 11, 2, 12, 10, 14, 5, 6], "average_acc_selected": 90.20863024930269, "average_acc_all": 90.20863024930269}, "22": {"selected_clients": [6, 7, 12, 10, 8, 5, 9, 3, 14, 4, 1, 2, 13, 11, 0], "average_acc_selected": 90.101976978406, "average_acc_all": 90.101976978406}, "23": {"selected_clients": [0, 2, 6, 5, 7, 12, 3, 8, 13, 1, 10, 11, 4, 9, 14], "average_acc_selected": 89.93071055822173, "average_acc_all": 89.93071055822173}, "24": {"selected_clients": [13, 7, 6, 0, 4, 14, 5, 12, 9, 2, 3, 10, 11, 8, 1], "average_acc_selected": 90.04170355359197, "average_acc_all": 90.04170355359197}, "25": {"selected_clients": [4, 7, 0, 14, 5, 13, 8, 3, 9, 1, 11, 12, 2, 6, 10], "average_acc_selected": 89.7046917746994, "average_acc_all": 89.7046917746994}, "26": {"selected_clients": [3, 8, 12, 9, 14, 0, 11, 1, 6, 13, 7, 5, 4, 2, 10], "average_acc_selected": 87.29215568841543, "average_acc_all": 87.29215568841543}, "27": {"selected_clients": [12, 7, 3, 1, 6, 11, 10, 4, 9, 2, 13, 5, 8, 14, 0], "average_acc_selected": 89.09848421294659, "average_acc_all": 89.09848421294659}, "28": {"selected_clients": [3, 6, 7, 4, 8, 0, 2, 10, 5, 9, 12, 13, 11, 1, 14], "average_acc_selected": 89.6133200518502, "average_acc_all": 89.6133200518502}, "29": {"selected_clients": [11, 9, 1, 3, 13, 5, 6, 0, 7, 4, 2, 14, 8, 10, 12], "average_acc_selected": 89.56901945514053, "average_acc_all": 89.56901945514053}, "30": {"selected_clients": [13, 0, 8, 3, 6, 11, 5, 14, 2, 9, 7, 1, 10, 12, 4], "average_acc_selected": 89.9076132742431, "average_acc_all": 89.9076132742431}, "31": {"selected_clients": [1, 5, 11, 10, 2, 7, 9, 12, 14, 6, 0, 8, 4, 3, 13], "average_acc_selected": 90.08880253306951, "average_acc_all": 90.08880253306951}, "32": {"selected_clients": [11, 6, 14, 13, 1, 12, 2, 0, 7, 10, 8, 9, 5, 4, 3], "average_acc_selected": 90.03309462526116, "average_acc_all": 90.03309462526116}, "33": {"selected_clients": [0, 9, 12, 5, 8, 6, 11, 1, 3, 4, 13, 10, 2, 14, 7], "average_acc_selected": 90.10615880292913, "average_acc_all": 90.10615880292913}, "34": {"selected_clients": [5, 7, 1, 13, 3, 9, 2, 6, 10, 8, 12, 11, 14, 4, 0], "average_acc_selected": 90.0168300830688, "average_acc_all": 90.0168300830688}, "35": {"selected_clients": [14, 9, 2, 12, 5, 3, 10, 4, 1, 6, 7, 13, 8, 11, 0], "average_acc_selected": 90.04693889175027, "average_acc_all": 90.04693889175027}, "36": {"selected_clients": [5, 4, 12, 6, 7, 8, 11, 10, 13, 1, 14, 0, 9, 3, 2], "average_acc_selected": 90.30264614254999, "average_acc_all": 90.30264614254999}, "37": {"selected_clients": [0, 11, 3, 1, 2, 10, 7, 6, 13, 4, 14, 8, 9, 5, 12], "average_acc_selected": 90.30286445182693, "average_acc_all": 90.30286445182693}, "38": {"selected_clients": [12, 3, 6, 9, 1, 10, 7, 4, 5, 11, 14, 8, 13, 2, 0], "average_acc_selected": 90.11666663373178, "average_acc_all": 90.11666663373178}, "39": {"selected_clients": [12, 4, 8, 6, 7, 9, 10, 14, 11, 5, 2, 1, 0, 13, 3], "average_acc_selected": 90.1799916818315, "average_acc_all": 90.1799916818315}, "40": {"selected_clients": [2, 7, 13, 8, 0, 12, 5, 9, 3, 1, 4, 11, 10, 6, 14], "average_acc_selected": 90.10505276576006, "average_acc_all": 90.10505276576006}, "41": {"selected_clients": [11, 9, 14, 6, 4, 0, 1, 8, 2, 12, 7, 13, 3, 5, 10], "average_acc_selected": 90.0161573062218, "average_acc_all": 90.0161573062218}, "42": {"selected_clients": [11, 13, 0, 4, 7, 2, 9, 3, 10, 8, 5, 12, 6, 1, 14], "average_acc_selected": 90.35216119726678, "average_acc_all": 90.35216119726678}, "43": {"selected_clients": [13, 4, 12, 3, 6, 8, 9, 7, 5, 10, 14, 1, 0, 11, 2], "average_acc_selected": 90.27807482224947, "average_acc_all": 90.27807482224947}, "44": {"selected_clients": [2, 13, 6, 5, 14, 7, 12, 1, 10, 8, 9, 0, 11, 3, 4], "average_acc_selected": 90.16613401957238, "average_acc_all": 90.16613401957238}, "45": {"selected_clients": [6, 1, 10, 2, 5, 14, 12, 0, 13, 11, 8, 4, 9, 3, 7], "average_acc_selected": 90.29524377202115, "average_acc_all": 90.29524377202115}, "46": {"selected_clients": [13, 12, 5, 2, 6, 0, 10, 11, 7, 1, 9, 3, 8, 4, 14], "average_acc_selected": 90.28262792871665, "average_acc_all": 90.28262792871665}, "47": {"selected_clients": [6, 1, 13, 11, 4, 7, 5, 8, 2, 3, 0, 12, 14, 10, 9], "average_acc_selected": 90.4956885302759, "average_acc_all": 90.4956885302759}, "48": {"selected_clients": [9, 14, 13, 1, 8, 11, 0, 12, 2, 6, 4, 10, 5, 7, 3], "average_acc_selected": 90.18470918627284, "average_acc_all": 90.18470918627284}, "49": {"selected_clients": [8, 2, 4, 5, 12, 0, 3, 7, 10, 13, 11, 6, 1, 9, 14], "average_acc_selected": 90.33204435894888,