{"logs": {"0": {"selected_clients": [9, 7, 11, 14, 2, 6, 8, 12, 3, 13, 10, 5, 1, 0, 4], "train_loss": {"9": 1.8948470570824363, "7": 1.8938595029440792, "11": 2.0011800139449365, "14": 1.8869113893735976, "2": 1.8821153782662892, "6": 1.9574353307485581, "8": 1.9184755824861073, "12": 1.9277046460371752, "3": 1.8343948381287711, "13": 1.9590017646551132, "10": 1.7996273994445802, "5": 1.8476242395964535, "1": 1.8404990037282307, "0": 1.7862290532089944, "4": 1.8191026681806983}, "average_acc_selected": 9.442166243400612, "average_acc_all": 9.442166243400612}, "1": {"selected_clients": [9, 1, 8, 5, 0, 12, 11, 7, 10, 4, 2, 14, 6, 3, 13], "train_loss": {"9": 2.116032389077273, "1": 2.1214386309896196, "8": 2.09528755006336, "5": 2.0692982511086897, "0": 2.074776946112167, "12": 2.1030864073679996, "11": 2.0775938394457794, "7": 2.0963663946498525, "10": 2.086310296588474, "4": 2.043748774179598, "2": 2.093603329999106, "14": 2.0990295807520547, "6": 2.134097144007683, "3": 2.0733610760597956, "13": 2.059807425737381}, "average_acc_selected": 18.6998713345031, "average_acc_all": 18.6998713345031}, "2": {"selected_clients": [14, 13, 1, 2, 6, 9, 8, 0, 10, 11, 3, 5, 4, 7, 12], "train_loss": {"14": 2.020496053355081, "13": 1.9810551702976227, "1": 1.950021939618247, "2": 1.955530476002466, "6": 2.0215356320142748, "9": 1.9871470088308507, "8": 2.0154923228990462, "0": 1.8799316689025525, "10": 1.9900117794672647, "11": 2.004256237384885, "3": 1.9897921227273487, "5": 1.988503185185519, "4": 1.9658622858000965, "7": 1.9924726513299076, "12": 2.020049431385138}, "average_acc_selected": 21.05470452252538, "average_acc_all": 21.05470452252538}, "3": {"selected_clients": [4, 8, 2, 9, 6, 13, 11, 5, 10, 3, 1, 7, 12, 14, 0], "train_loss": {"4": 1.8780949261130355, "8": 1.9714974363644917, "2": 1.892619510491689, "9": 1.9362270669503645, "6": 1.9784481257200242, "13": 1.9187676072120667, "11": 1.9440019186152968, "5": 1.9314380423589186, "10": 1.9293008009592691, "3": 1.9001386165618896, "1": 1.8461154330344427, "7": 1.9484324807470494, "12": 1.9626374000158064, "14": 1.9553425652640206, "0": 1.8023185508195745}, "average_acc_selected": 22.651864319668984, "average_acc_all": 22.651864319668984}, "4": {"selected_clients": [2, 1, 13, 3, 10, 8, 0, 5, 14, 9, 7, 11, 12, 6, 4], "train_loss": {"2": 1.819813813482012, "1": 1.8045464413506644, "13": 1.8170112997293473, "3": 1.7851514986583166, "10": 1.8250390450159708, "8": 1.8776480527151198, "0": 1.738505482673645, "5": 1.8626624996011907, "14": 1.8466224273045857, "9": 1.8310124630277806, "7": 1.8541594689542598, "11": 1.853251105131105, "12": 1.8599232343526988, "6": 1.8626608222723007, "4": 1.7638648515794335}, "average_acc_selected": 26.14515744098968, "average_acc_all": 26.14515744098968}, "5": {"selected_clients": [14, 11, 12, 5, 4, 3, 13, 0, 1, 10, 8, 7, 6, 9, 2], "train_loss": {"14": 1.7735643301691328, "11": 1.813162315723508, "12": 1.7844385092075055, "5": 1.7865026620301334, "4": 1.721437989211664, "3": 1.7482873655500866, "13": 1.7676046311855316, "0": 1.6950573061787806, "1": 1.7491530577341716, "10": 1.7408999972873265, "8": 1.814884901046753, "7": 1.7611790163950487, "6": 1.7842301845550537, "9": 1.7451131939888, "2": 1.7688589578583127}, "average_acc_selected": 27.70429645498568, "average_acc_all": 27.70429645498568}, "6": {"selected_clients": [5, 2, 4, 0, 13, 3, 9, 1, 11, 10, 14, 7, 6, 12, 8], "train_loss": {"5": 1.7305825027552517, "2": 1.703288660162971, "4": 1.66602318170594, "0": 1.6594537635182225, "13": 1.7300515174865723, "3": 1.7081083910805839, "9": 1.7063886062665419, "1": 1.7019598058291845, "11": 1.748196660086166, "10": 1.6955229732725354, "14": 1.732093788328625, "7": 1.7115650122815913, "6": 1.736565500497818, "12": 1.7288262874652178, "8": 1.7701546890395028}, "average_acc_selected": 29.184639093619595, "average_acc_all": 29.184639093619595}, "7": {"selected_clients": [14, 10, 8, 5, 2, 12, 4, 13, 7, 9, 1, 0, 3, 11, 6], "train_loss": {"14": 1.7016816366286505, "10": 1.6585156838099162, "8": 1.7186975990022932, "5": 1.6762709753079847, "2": 1.7060297841117495, "12": 1.6798420227490938, "4": 1.6314481089754802, "13": 1.682112655043602, "7": 1.6700084073977037, "9": 1.6426787538961931, "1": 1.645135073434739, "0": 1.6414877259454062, "3": 1.6840138974643888, "11": 1.6969184570534284, "6": 1.698995128273964}, "average_acc_selected": 30.684846396725984, "average_acc_all": 30.684846396725984}, "8": {"selected_clients": [9, 14, 3, 10, 12, 5, 8, 1, 4, 7, 6, 13, 0, 2, 11], "train_loss": {"9": 1.607276128097014, "14": 1.6687929318064736, "3": 1.6455626090367634, "10": 1.6121503644519382, "12": 1.6679048568774493, "5": 1.642720184542916, "8": 1.6859481590134757, "1": 1.6148546309698195, "4": 1.593315848490087, "7": 1.6128141202709891, "6": 1.6495588630437852, "13": 1.652929100394249, "0": 1.591060250304466, "2": 1.6503439205033439, "11": 1.6634106358816458}, "average_acc_selected": 31.716094659469338, "average_acc_all": 31.716094659469338}, "9": {"selected_clients": [8, 2, 9, 5, 12, 1, 13, 7, 10, 3, 14, 11, 4, 0, 6], "train_loss": {"8": 1.6345704595247905, "2": 1.6136196766580855, "9": 1.5720972581343218, "5": 1.6086051978848197, "12": 1.6382544254645324, "1": 1.5922665851456779, "13": 1.6192410171031952, "7": 1.5842649584466761, "10": 1.580076453420851, "3": 1.6156693327994573, "14": 1.6324810101872398, "11": 1.613138081029404, "4": 1.5708121671909239, "0": 1.5582696892494379, "6": 1.6149093747138976}, "average_acc_selected": 32.60730361396168, "average_acc_all": 32.60730361396168}, "10": {"selected_clients": [1, 13, 3, 12, 14, 5, 4, 9, 6, 7, 11, 2, 0, 8, 10], "train_loss": {"1": 1.5787131729580106, "13": 1.5709914803504943, "3": 1.5845873384248643, "12": 1.587915872916197, "14": 1.5947846656753903, "5": 1.5776017714630475, "4": 1.5433657489171841, "9": 1.523556186394258, "6": 1.5863141804933547, "7": 1.5709020061926409, "11": 1.5972853788109713, "2": 1.590141242458707, "0": 1.527768650720286, "8": 1.6308309237162273, "10": 1.5522152609295314}, "average_acc_selected": 33.50180600875897, "average_acc_all": 33.50180600875897}}, "config": {"n_clients": 15, "m": 1, "method": "rotated", "dirichlet_alpha": 100, "dataset": "cifar10", "n_classes": 10, "model": "cnn", "algorithm": "fed_g_prox", "prox_lambda": 0.01, "k_neighbours": 0.33, "ema_alpha": 0.75, "n_communities": 3, "client_bs": 64, "global_bs": 128, "global_rounds": 50, "client_epochs": 3, "client_lr": 0.001, "step_size": 2, "train_test_split": 0.8, "total_train_samples": 100000, "total_test_samples": 20000, "torch_seed": 42, "np_seed": 43, "local_eval_every": 1, "start_graph": 51, "swap_dist_every": 15, "log_dir": "checkpoints_2", "verbose": true}}