{"logs": {"0": {"selected_clients": [9, 7, 11, 14, 2, 6, 8, 12, 3, 13, 10, 5, 1, 0, 4], "train_loss": {"9": 1.8948470570824363, "7": 1.8938595029440792, "11": 2.0011800139449365, "14": 1.8869113893735976, "2": 1.8821153782662892, "6": 1.9574353307485581, "8": 1.9184755824861073, "12": 1.9277046460371752, "3": 1.8343948381287711, "13": 1.9590017646551132, "10": 1.7996273994445802, "5": 1.8476242395964535, "1": 1.8404990037282307, "0": 1.7862290532089944, "4": 1.8191026681806983}, "average_acc_selected": 9.442166243400612, "average_acc_all": 9.442166243400612}, "1": {"selected_clients": [9, 1, 8, 5, 0, 12, 11, 7, 10, 4, 2, 14, 6, 3, 13], "train_loss": {"9": 2.116032389077273, "1": 2.1214386309896196, "8": 2.09528755006336, "5": 2.0692982511086897, "0": 2.074776946112167, "12": 2.1030864073679996, "11": 2.0775938394457794, "7": 2.0963663946498525, "10": 2.086310296588474, "4": 2.043748774179598, "2": 2.093603329999106, "14": 2.0990295807520547, "6": 2.134097144007683, "3": 2.0733610760597956, "13": 2.059807425737381}, "average_acc_selected": 18.6998713345031, "average_acc_all": 18.6998713345031}, "2": {"selected_clients": [14, 13, 1, 2, 6, 9, 8, 0, 10, 11, 3, 5, 4, 7, 12], "train_loss": {"14": 2.020496053355081, "13": 1.9810551702976227, "1": 1.950021939618247, "2": 1.955530476002466, "6": 2.0215356320142748, "9": 1.9871470088308507, "8": 2.0154923228990462, "0": 1.8799316689025525, "10": 1.9900117794672647, "11": 2.004256237384885, "3": 1.9897921227273487, "5": 1.988503185185519, "4": 1.9658622858000965, "7": 1.9924726513299076, "12": 2.020049431385138}, "average_acc_selected": 21.05470452252538, "average_acc_all": 21.05470452252538}, "3": {"selected_clients": [4, 8, 2, 9, 6, 13, 11, 5, 10, 3, 1, 7, 12, 14, 0], "train_loss": {"4": 1.8780949261130355, "8": 1.9714974363644917, "2": 1.892619510491689, "9": 1.9362270669503645, "6": 1.9784481257200242, "13": 1.9187676072120667, "11": 1.9440019186152968, "5": 1.9314380423589186, "10": 1.9293008009592691, "3": 1.9001386165618896, "1": 1.8461154330344427, "7": 1.9484324807470494, "12": 1.9626374000158064, "14": 1.9553425652640206, "0": 1.8023185508195745}, "average_acc_selected": 22.651864319668984, "average_acc_all": 22.651864319668984}, "4": {"selected_clients": [2, 1, 13, 3, 10, 8, 0, 5, 14, 9, 7, 11, 12, 6, 4], "train_loss": {"2": 1.819813813482012, "1": 1.8045464413506644, "13": 1.8170112997293473, "3": 1.7851514986583166, "10": 1.8250390450159708, "8": 1.8776480527151198, "0": 1.738505482673645, "5": 1.8626624996011907, "14": 1.8466224273045857, "9": 1.8310124630277806, "7": 1.8541594689542598, "11": 1.853251105131105, "12": 1.8599232343526988, "6": 1.8626608222723007, "4": 1.7638648515794335}, "average_acc_selected": 26.14515744098968, "average_acc_all": 26.14515744098968}, "5": {"selected_clients": [14, 11, 12, 5, 4, 3, 13, 0, 1, 10, 8, 7, 6, 9, 2], "train_loss": {"14": 1.7735643301691328, "11": 1.813162315723508, "12": 1.7844385092075055, "5": 1.7865026620301334, "4": 1.721437989211664, "3": 1.7482873655500866, "13": 1.7676046311855316, "0": 1.6950573061787806, "1": 1.7491530577341716, "10": 1.7408999972873265, "8": 1.814884901046753, "7": 1.7611790163950487, "6": 1.7842301845550537, "9": 1.7451131939888, "2": 1.7688589578583127}, "average_acc_selected": 27.70429645498568, "average_acc_all": 27.70429645498568}}, "config": {"n_clients": 15, "m": 1, "method": "rotated", "dirichlet_alpha": 100, "dataset": "cifar10", "n_classes": 10, "model": "cnn", "algorithm": "fed_g_prox", "prox_lambda": 0.01, "k_neighbours": 0.33, "ema_alpha": 0.75, "n_communities": 3, "client_bs": 64, "global_bs": 128, "global_rounds": 50, "client_epochs": 3, "client_lr": 0.001, "step_size": 2, "train_test_split": 0.8, "total_train_samples": 100000, "total_test_samples": 20000, "torch_seed": 42, "np_seed": 43, "local_eval_every": 1, "start_graph": 51, "swap_dist_every": 15, "log_dir": "checkpoints_2", "verbose": true}}