{"logs": {"0": {"selected_clients": [9, 7, 11, 14, 2, 6, 8, 12, 3, 13, 10, 5, 1, 0, 4], "train_loss": {"9": 0.8093013458473738, "7": 1.2144817491857016, "11": 0.7616141483187675, "14": 0.9531715665544782, "2": 0.9655693251153697, "6": 0.848976764923487, "8": 0.8757707439363003, "12": 0.923667577902476, "3": 0.8822714514202542, "13": 1.0041299685835838, "10": 0.7865607472176247, "5": 0.8995103667611661, "1": 0.8540809944272041, "0": 0.9244526592460839, "4": 0.8204909838162936}, "average_acc_selected": 10.815554813977908, "average_acc_all": 10.815554813977908}, "1": {"selected_clients": [9, 1, 8, 5, 0, 12, 11, 7, 10, 4, 2, 14, 6, 3, 13], "train_loss": {"9": 1.2024368629899136, "1": 1.1908420950174332, "8": 1.1296151553591092, "5": 1.1670989756998809, "0": 1.10069898495803, "12": 1.2736540741390652, "11": 1.211779808998108, "7": 1.3229224885382302, "10": 1.0890064302911149, "4": 1.1456476419399946, "2": 1.1790705038153606, "14": 1.2633874791009085, "6": 1.144652701341189, "3": 1.1172512809435526, "13": 1.1553772002458573}, "average_acc_selected": 11.911031576431983, "average_acc_all": 11.911031576431983}, "2": {"selected_clients": [14, 13, 1, 2, 6, 9, 8, 0, 10, 11, 3, 5, 4, 7, 12], "train_loss": {"14": 1.0626352548599243, "13": 1.1009845390915871, "1": 1.0783048003911972, "2": 1.1036527156829834, "6": 0.9103638300528893, "9": 1.021760368069937, "8": 1.072407898803552, "0": 0.9535849078281505, "10": 1.0131026747378897, "11": 0.9323466747999192, "3": 1.0702005916171604, "5": 1.095567841892657, "4": 1.03757844827114, "7": 1.296432541637886, "12": 1.1347929212782117}, "average_acc_selected": 18.213337391298328, "average_acc_all": 18.213337391298328}, "3": {"selected_clients": [4, 8, 2, 9, 6, 13, 11, 5, 10, 3, 1, 7, 12, 14, 0], "train_loss": {"4": 0.8502719203631083, "8": 0.9251662604510784, "2": 0.9896575458671736, "9": 0.8663975748904916, "6": 0.8699649954453493, "13": 1.0067324340343475, "11": 0.8420189276337624, "5": 0.9289104783016703, "10": 0.8656221869144034, "3": 0.9614335219065349, "1": 0.9589493170380592, "7": 1.2312522661395189, "12": 0.984456459681193, "14": 0.9604913796697344, "0": 0.8968587292207254}, "average_acc_selected": 25.50257929279356, "average_acc_all": 25.50257929279356}, "4": {"selected_clients": [2, 1, 13, 3, 10, 8, 0, 5, 14, 9, 7, 11, 12, 6, 4], "train_loss": {"2": 0.9724455605382505, "1": 0.9203123718500137, "13": 0.9665036126971245, "3": 0.915503556198544, "10": 0.8158833993242142, "8": 0.9245918268958727, "0": 0.855833971822584, "5": 0.9010761976242065, "14": 0.8943887369973319, "9": 0.8379389075345771, "7": 1.20055139210166, "11": 0.787754262983799, "12": 0.9323967311117384, "6": 0.828250032204848, "4": 0.7904525750722641}, "average_acc_selected": 27.779137859967822, "average_acc_all": 27.779137859967822}, "5": {"selected_clients": [14, 11, 12, 5, 4, 3, 13, 0, 1, 10, 8, 7, 6, 9, 2], "train_loss": {"14": 0.8760838832174028, "11": 0.7115717574954032, "12": 0.8864259971512689, "5": 0.8529513335746267, "4": 0.7286035449076922, "3": 0.8828637096616957, "13": 0.9581212118268013, "0": 0.8394390167416753, "1": 0.8462024688720703, "10": 0.7705752012577463, "8": 0.8904943106075128, "7": 1.1615981081636941, "6": 0.7987173000971476, "9": 0.7742638324582299, "2": 0.9289878192155258}, "average_acc_selected": 30.133796616070153, "average_acc_all": 30.133796616070153}, "6": {"selected_clients": [5, 2, 4, 0, 13, 3, 9, 1, 11, 10, 14, 7, 6, 12, 8], "train_loss": {"5": 0.847125724605892, "2": 0.8968541064988012, "4": 0.6878062364382621, "0": 0.8090042890729131, "13": 0.931020075082779, "3": 0.8758802069558038, "9": 0.7500153696814249, "1": 0.8367368951439857, "11": 0.6829099580645561, "10": 0.7435137464645061, "14": 0.8282694152423313, "7": 1.1495479083642728, "6": 0.7800453289961203, "12": 0.8612066825230916, "8": 0.8656842683752378}, "average_acc_selected": 32.240823386210984, "average_acc_all": 32.240823386210984}, "7": {"selected_clients": [14, 10, 8, 5, 2, 12, 4, 13, 7, 9, 1, 0, 3, 11, 6], "train_loss": {"14": 0.7982753736632211, "10": 0.7253138029828985, "8": 0.8404263692597548, "5": 0.8305807515330936, "2": 0.8929229858128921, "12": 0.8283790085050795, "4": 0.6406561816350008, "13": 0.9221119552850723, "7": 1.1368203715580265, "9": 0.7221405208110809, "1": 0.7784356221556663, "0": 0.7868861991005975, "3": 0.8410358018345303, "11": 0.661334790289402, "6": 0.7521223716246777}, "average_acc_selected": 33.468327827936356, "average_acc_all": 33.468327827936356}, "8": {"selected_clients": [9, 14, 3, 10, 12, 5, 8, 1, 4, 7, 6, 13, 0, 2, 11], "train_loss": {"9": 0.7034099711928257, "14": 0.7776628068515232, "3": 0.8319599416520861, "10": 0.7078412619042904, "12": 0.8070931633313497, "5": 0.8086441988530366, "8": 0.8445414267480373, "1": 0.7540151312947273, "4": 0.6537755582577143, "7": 1.1052902777020523, "6": 0.7528923291426438, "13": 0.9097115263342858, "0": 0.7772419952057503, "2": 0.8748749844405962, "11": 0.6153316333889961}, "average_acc_selected": 34.75309350321229, "average_acc_all": 34.75309350321229}, "9": {"selected_clients": [8, 2, 9, 5, 12, 1, 13, 7, 10, 3, 14, 11, 4, 0, 6], "train_loss": {"8": 0.8217693914969763, "2": 0.8411481484122898, "9": 0.683896672587062, "5": 0.8027474763600723, "12": 0.7952594174279107, "1": 0.749250553548336, "13": 0.8996271044015884, "7": 1.0988462102122423, "10": 0.6889280461250468, "3": 0.8167130986849467, "14": 0.7578795756612505, "11": 0.6183065697550774, "4": 0.6091280892873422, "0": 0.7750746897748999, "6": 0.7114336460064619}, "average_acc_selected": 34.7078924308609, "average_acc_all": 34.7078924308609}, "10": {"selected_clients": [1, 13, 3, 12, 14, 5, 4, 9, 6, 7, 11, 2, 0, 8, 10], "train_loss": {"1": 0.7328415915369988, "13": 0.8883655592799187, "3": 0.7996661980946859, "12": 0.7769575754801432, "14": 0.7563743148531232, "5": 0.7904925709185393, "4": 0.5965840763006455, "9": 0.6752844037011613, "6": 0.7001548050305783, "7": 1.0987592034223603, "11": 0.5900609537959098, "2": 0.8371831761754077, "0": 0.749457597732544, "8": 0.8126151449978352, "10": 0.6910981764184668}, "average_acc_selected": 51.52109192345905, "average_acc_all": 51.52109192345905}, "11": {"selected_clients": [5, 7, 6, 9, 3, 2, 13, 10, 11, 0, 8, 12, 14, 4, 1], "train_loss": {"5": 0.7720588367918263, "7": 1.0631447259972735, "6": 0.6914210609900646, "9": 0.680673923603324, "3": 0.791160151693556, "2": 0.8253091288649518, "13": 0.8797753110527993, "10": 0.6564419814880859, "11": 0.5776339158415794, "0": 0.7425440614287918, "8": 0.795108242581288, "12": 0.753884752591451, "14": 0.7406761322702681, "4": 0.5668640583753586, "1": 0.7206344291567802}, "average_acc_selected": 51.26381727739859, "average_acc_all": 51.26381727739859}, "12": {"selected_clients": [6, 14, 9, 4, 0, 5, 3, 1, 12, 11, 2, 10, 7, 13, 8], "train_loss": {"6": 0.6794845354862702, "14": 0.7170832412583488, "9": 0.6413399708825488, "4": 0.5965072963482294, "0": 0.7113236043904279, "5": 0.7629141703895901, "3": 0.7794628898302715, "1": 0.7034787401556969, "12": 0.7524162822299534, "11": 0.5556594766676426, "2": 0.8332672183928282, "10": 0.6551041482610905, "7": 1.0450661269629873, "13": 0.8667981296777725, "8": 0.7824332416057587}, "average_acc_selected": 51.564116987215264, "average_acc_all": 51.564116987215264}, "13": {"selected_clients": [13, 4, 12, 0, 14, 11, 2, 1, 9, 8, 7, 5, 3, 10, 6], "train_loss": {"13": 0.8700194478034973, "4": 0.5659492680659661, "12": 0.7350370115704007, "0": 0.7124060360161034, "14": 0.7254395280565534, "11": 0.5412671022117138, "2": 0.827245629352072, "1": 0.6931071162223816, "9": 0.640918354655421, "8": 0.7643722891807556, "7": 1.0535243284411546, "5": 0.7566546434941499, "3": 0.768375900056627, "10": 0.6427653431892395, "6": 0.6682841258171277}, "average_acc_selected": 51.10859340921899, "average_acc_all": 51.10859340921899}, "14": {"selected_clients": [5, 3, 1, 11, 12, 0, 6, 13, 14, 8, 2, 10, 4, 7, 9], "train_loss": {"5": 0.7526994839958523, "3": 0.7648249917560154, "1": 0.6865429945290089, "11": 0.5332456052303314, "12": 0.7338233735826281,