{"logs": {"0": {"selected_clients": [9, 7, 11, 14, 2, 6, 8, 12, 3, 13, 10, 5, 1, 0, 4], "train_loss": {"9": 0.8093013458473738, "7": 1.2144817491857016, "11": 0.7616141483187675, "14": 0.9531715665544782, "2": 0.9655693251153697, "6": 0.848976764923487, "8": 0.8757707439363003, "12": 0.923667577902476, "3": 0.8822714514202542, "13": 1.0041299685835838, "10": 0.7865607472176247, "5": 0.8995103667611661, "1": 0.8540809944272041, "0": 0.9244526592460839, "4": 0.8204909838162936}, "average_acc_selected": 10.815554813977908, "average_acc_all": 10.815554813977908}, "1": {"selected_clients": [9, 1, 8, 5, 0, 12, 11, 7, 10, 4, 2, 14, 6, 3, 13], "train_loss": {"9": 1.2024368629899136, "1": 1.1908420950174332, "8": 1.1296151553591092, "5": 1.1670989756998809, "0": 1.10069898495803, "12": 1.2736540741390652, "11": 1.211779808998108, "7": 1.3229224885382302, "10": 1.0890064302911149, "4": 1.1456476419399946, "2": 1.1790705038153606, "14": 1.2633874791009085, "6": 1.144652701341189, "3": 1.1172512809435526, "13": 1.1553772002458573}, "average_acc_selected": 11.911031576431983, "average_acc_all": 11.911031576431983}, "2": {"selected_clients": [14, 13, 1, 2, 6, 9, 8, 0, 10, 11, 3, 5, 4, 7, 12], "train_loss": {"14": 1.0626352548599243, "13": 1.1009845390915871, "1": 1.0783048003911972, "2": 1.1036527156829834, "6": 0.9103638300528893, "9": 1.021760368069937, "8": 1.072407898803552, "0": 0.9535849078281505, "10": 1.0131026747378897, "11": 0.9323466747999192, "3": 1.0702005916171604, "5": 1.095567841892657, "4": 1.03757844827114, "7": 1.296432541637886, "12": 1.1347929212782117}, "average_acc_selected": 18.213337391298328, "average_acc_all": 18.213337391298328}, "3": {"selected_clients": [4, 8, 2, 9, 6, 13, 11, 5, 10, 3, 1, 7, 12, 14, 0], "train_loss": {"4": 0.8502719203631083, "8": 0.9251662604510784, "2": 0.9896575458671736, "9": 0.8663975748904916, "6": 0.8699649954453493, "13": 1.0067324340343475, "11": 0.8420189276337624, "5": 0.9289104783016703, "10": 0.8656221869144034, "3": 0.9614335219065349, "1": 0.9589493170380592, "7": 1.2312522661395189, "12": 0.984456459681193, "14": 0.9604913796697344, "0": 0.8968587292207254}, "average_acc_selected": 25.50257929279356, "average_acc_all": 25.50257929279356}, "4": {"selected_clients": [2, 1, 13, 3, 10, 8, 0, 5, 14, 9, 7, 11, 12, 6, 4], "train_loss": {"2": 0.9724455605382505, "1": 0.9203123718500137, "13": 0.9665036126971245, "3": 0.915503556198544, "10": 0.8158833993242142, "8": 0.9245918268958727, "0": 0.855833971822584, "5": 0.9010761976242065, "14": 0.8943887369973319, "9": 0.8379389075345771, "7": 1.20055139210166, "11": 0.787754262983799, "12": 0.9323967311117384, "6": 0.828250032204848, "4": 0.7904525750722641}, "average_acc_selected": 27.779137859967822, "average_acc_all": 27.779137859967822}, "5": {"selected_clients": [14, 11, 12, 5, 4, 3, 13, 0, 1, 10, 8, 7, 6, 9, 2], "train_loss": {"14": 0.8760838832174028, "11": 0.7115717574954032, "12": 0.8864259971512689, "5": 0.8529513335746267, "4": 0.7286035449076922, "3": 0.8828637096616957, "13": 0.9581212118268013, "0": 0.8394390167416753, "1": 0.8462024688720703, "10": 0.7705752012577463, "8": 0.8904943106075128, "7": 1.1615981081636941, "6": 0.7987173000971476, "9": 0.7742638324582299, "2": 0.9289878192155258}, "average_acc_selected": 30.133796616070153, "average_acc_all": 30.133796616070153}}, "config": {"n_clients": 15, "m": 1, "method": "pathological", "dirichlet_alpha": 0.5, "dataset": "cifar10", "n_classes": 10, "model": "cnn", "algorithm": "fed_g_prox", "prox_lambda": 0.001, "k_neighbours": 1.0, "ema_alpha": 0.75, "n_communities": 3, "client_bs": 64, "global_bs": 128, "global_rounds": 50, "client_epochs": 3, "client_lr": 0.001, "step_size": 2, "train_test_split": 0.8, "total_train_samples": 100000, "total_test_samples": 20000, "torch_seed": 42, "np_seed": 43, "local_eval_every": 1, "start_graph": 10, "swap_dist_every": 51, "log_dir": "checkpoints_3", "verbose": true}}